"ModuleGroup","Module","TableReference","ModulePurpose","HttpMethod","Endpoint","ShortDescription","LongDescription"
"A_Auth_Mail_FileUpload","/Auth","auth_sp_flows","Support registration, login, OTP, and password recovery flows.","POST","/API/HARRY-CLINTON/Auth/Register","Register a new user","Useful for onboarding a new customer account so they can sign in and place orders. Support registration, login, OTP, and password recovery flows."
"A_Auth_Mail_FileUpload","/Auth","auth_sp_flows","Support registration, login, OTP, and password recovery flows.","POST","/API/HARRY-CLINTON/Auth/Password-Login","Login with password","Useful for authenticating existing users using email and password. Support registration, login, OTP, and password recovery flows."
"A_Auth_Mail_FileUpload","/Auth","auth_sp_flows","Support registration, login, OTP, and password recovery flows.","POST","/API/HARRY-CLINTON/Auth/OTP-Login","Start OTP login","Useful for sending a one-time code to user email for secure sign-in. Support registration, login, OTP, and password recovery flows."
"A_Auth_Mail_FileUpload","/Auth","auth_sp_flows","Support registration, login, OTP, and password recovery flows.","POST","/API/HARRY-CLINTON/Auth/Verify-Login-OTP","Verify OTP code","Useful for completing OTP login after user enters the received code. Support registration, login, OTP, and password recovery flows."
"A_Auth_Mail_FileUpload","/Auth","auth_sp_flows","Support registration, login, OTP, and password recovery flows.","POST","/API/HARRY-CLINTON/Auth/Forgot-Password","Start password reset","Useful when users forget password and need reset initiation. Support registration, login, OTP, and password recovery flows."
"A_Auth_Mail_FileUpload","/Auth","auth_sp_flows","Support registration, login, OTP, and password recovery flows.","POST","/API/HARRY-CLINTON/Auth/Reset-Password","Set new password","Useful for saving a new password after reset validation. Support registration, login, OTP, and password recovery flows."
"A_Auth_Mail_FileUpload","/Auth","auth_sp_flows","Support registration, login, OTP, and password recovery flows.","POST","/API/HARRY-CLINTON/Auth/Forgot-Password-Confirm","Confirm reset process","Useful for final verification step in password recovery workflow. Support registration, login, OTP, and password recovery flows."
"A_Auth_Mail_FileUpload","/FileUpload","file_storage","Upload and store files/media for modules that need attachments.","POST","/API/HARRY-CLINTON/FileUpload","Upload file","Useful for uploading images or documents used by product/content modules. Upload and store files/media for modules that need attachments."
"A_Auth_Mail_FileUpload","/Mail","mail_service","Send transactional and OTP emails to customers.","POST","/API/HARRY-CLINTON/Mail/SendMail","Send custom email","Useful for sending transactional or support emails to customers. Send transactional and OTP emails to customers."
"A_Auth_Mail_FileUpload","/Mail","mail_service","Send transactional and OTP emails to customers.","POST","/API/HARRY-CLINTON/Mail/SendOTPEmail","Send OTP email","Useful for delivering one-time verification codes to user inbox. Send transactional and OTP emails to customers."
"A_User_Access_Management","/Roles","tbl_roles","Define role types used for permission control across the platform.","GET","/API/HARRY-CLINTON/Roles","View records list","Useful for listing and browsing records in admin/customer interfaces. Define role types used for permission control across the platform."
"A_User_Access_Management","/Roles","tbl_roles","Define role types used for permission control across the platform.","GET","/API/HARRY-CLINTON/Roles/:id","View one record","Useful for opening one specific record in detail view screens. Define role types used for permission control across the platform."
"A_User_Access_Management","/Roles","tbl_roles","Define role types used for permission control across the platform.","POST","/API/HARRY-CLINTON/Roles","Create new record","Useful when business users add new data needed for operations and customer experience. Define role types used for permission control across the platform."
"A_User_Access_Management","/Roles","tbl_roles","Define role types used for permission control across the platform.","PUT","/API/HARRY-CLINTON/Roles","Update existing record","Useful for correcting details, status changes, and keeping live data accurate. Define role types used for permission control across the platform."
"A_User_Access_Management","/Roles","tbl_roles","Define role types used for permission control across the platform.","DELETE","/API/HARRY-CLINTON/Roles","Delete/disable record","Useful for removing inactive data from active flows while maintaining data hygiene. Define role types used for permission control across the platform."
"A_User_Access_Management","/User-Roles","tbl_user_roles","Assign roles to users so the right people can access the right features.","GET","/API/HARRY-CLINTON/User-Roles","View records list","Useful for listing and browsing records in admin/customer interfaces. Assign roles to users so the right people can access the right features."
"A_User_Access_Management","/User-Roles","tbl_user_roles","Assign roles to users so the right people can access the right features.","GET","/API/HARRY-CLINTON/User-Roles/:id","View one record","Useful for opening one specific record in detail view screens. Assign roles to users so the right people can access the right features."
"A_User_Access_Management","/User-Roles","tbl_user_roles","Assign roles to users so the right people can access the right features.","GET","/API/HARRY-CLINTON/User-Roles/user/:user_id","View roles for one user","Useful for checking access roles currently mapped to a specific user. Assign roles to users so the right people can access the right features."
"A_User_Access_Management","/User-Roles","tbl_user_roles","Assign roles to users so the right people can access the right features.","POST","/API/HARRY-CLINTON/User-Roles","Create new record","Useful when business users add new data needed for operations and customer experience. Assign roles to users so the right people can access the right features."
"A_User_Access_Management","/User-Roles","tbl_user_roles","Assign roles to users so the right people can access the right features.","PUT","/API/HARRY-CLINTON/User-Roles","Update existing record","Useful for correcting details, status changes, and keeping live data accurate. Assign roles to users so the right people can access the right features."
"A_User_Access_Management","/User-Roles","tbl_user_roles","Assign roles to users so the right people can access the right features.","DELETE","/API/HARRY-CLINTON/User-Roles","Delete/disable record","Useful for removing inactive data from active flows while maintaining data hygiene. Assign roles to users so the right people can access the right features."
"A_User_Access_Management","/User-Roles","tbl_user_roles","Assign roles to users so the right people can access the right features.","POST","/API/HARRY-CLINTON/User-Roles/add","Assign role to user","Useful for granting additional permissions to an existing user. Assign roles to users so the right people can access the right features."
"A_User_Access_Management","/User-Roles","tbl_user_roles","Assign roles to users so the right people can access the right features.","DELETE","/API/HARRY-CLINTON/User-Roles/remove","Remove role from user","Useful for revoking permissions from a user account. Assign roles to users so the right people can access the right features."
"A_User_Access_Management","/Users","tbl_users","Manage user accounts, profile identity details, and account lifecycle actions.","GET","/API/HARRY-CLINTON/Users","View records list","Useful for listing and browsing records in admin/customer interfaces. Manage user accounts, profile identity details, and account lifecycle actions."
"A_User_Access_Management","/Users","tbl_users","Manage user accounts, profile identity details, and account lifecycle actions.","GET","/API/HARRY-CLINTON/Users/:id","View one record","Useful for opening one specific record in detail view screens. Manage user accounts, profile identity details, and account lifecycle actions."
"A_User_Access_Management","/Users","tbl_users","Manage user accounts, profile identity details, and account lifecycle actions.","POST","/API/HARRY-CLINTON/Users","Create new record","Useful when business users add new data needed for operations and customer experience. Manage user accounts, profile identity details, and account lifecycle actions."
"A_User_Access_Management","/Users","tbl_users","Manage user accounts, profile identity details, and account lifecycle actions.","PUT","/API/HARRY-CLINTON/Users","Update existing record","Useful for correcting details, status changes, and keeping live data accurate. Manage user accounts, profile identity details, and account lifecycle actions."
"A_User_Access_Management","/Users","tbl_users","Manage user accounts, profile identity details, and account lifecycle actions.","DELETE","/API/HARRY-CLINTON/Users","Delete/disable record","Useful for removing inactive data from active flows while maintaining data hygiene. Manage user accounts, profile identity details, and account lifecycle actions."
"B_Customer_Management","/Addresses","tbl_addresses","Manage saved customer addresses used for shipping and billing.","GET","/API/HARRY-CLINTON/Addresses","View records list","Useful for listing and browsing records in admin/customer interfaces. Manage saved customer addresses used for shipping and billing."
"B_Customer_Management","/Addresses","tbl_addresses","Manage saved customer addresses used for shipping and billing.","GET","/API/HARRY-CLINTON/Addresses/:id","View one record","Useful for opening one specific record in detail view screens. Manage saved customer addresses used for shipping and billing."
"B_Customer_Management","/Addresses","tbl_addresses","Manage saved customer addresses used for shipping and billing.","POST","/API/HARRY-CLINTON/Addresses","Create new record","Useful when business users add new data needed for operations and customer experience. Manage saved customer addresses used for shipping and billing."
"B_Customer_Management","/Addresses","tbl_addresses","Manage saved customer addresses used for shipping and billing.","PUT","/API/HARRY-CLINTON/Addresses","Update existing record","Useful for correcting details, status changes, and keeping live data accurate. Manage saved customer addresses used for shipping and billing."
"B_Customer_Management","/Addresses","tbl_addresses","Manage saved customer addresses used for shipping and billing.","DELETE","/API/HARRY-CLINTON/Addresses","Delete/disable record","Useful for removing inactive data from active flows while maintaining data hygiene. Manage saved customer addresses used for shipping and billing."
"B_Customer_Management","/Profiles","tbl_profiles","Store customer profile information used across shopping and checkout journeys.","GET","/API/HARRY-CLINTON/Profiles","View records list","Useful for listing and browsing records in admin/customer interfaces. Store customer profile information used across shopping and checkout journeys."
"B_Customer_Management","/Profiles","tbl_profiles","Store customer profile information used across shopping and checkout journeys.","GET","/API/HARRY-CLINTON/Profiles/:id","View one record","Useful for opening one specific record in detail view screens. Store customer profile information used across shopping and checkout journeys."
"B_Customer_Management","/Profiles","tbl_profiles","Store customer profile information used across shopping and checkout journeys.","POST","/API/HARRY-CLINTON/Profiles","Create new record","Useful when business users add new data needed for operations and customer experience. Store customer profile information used across shopping and checkout journeys."
"B_Customer_Management","/Profiles","tbl_profiles","Store customer profile information used across shopping and checkout journeys.","PUT","/API/HARRY-CLINTON/Profiles","Update existing record","Useful for correcting details, status changes, and keeping live data accurate. Store customer profile information used across shopping and checkout journeys."
"B_Customer_Management","/Profiles","tbl_profiles","Store customer profile information used across shopping and checkout journeys.","DELETE","/API/HARRY-CLINTON/Profiles","Delete/disable record","Useful for removing inactive data from active flows while maintaining data hygiene. Store customer profile information used across shopping and checkout journeys."
"C_Product_Catalog_&_Configuration","/Products","tbl_products","Manage core product records shown in catalog and product listing pages.","GET","/API/HARRY-CLINTON/Products","View records list","Useful for listing and browsing records in admin/customer interfaces. Manage core product records shown in catalog and product listing pages."
"C_Product_Catalog_&_Configuration","/Products","tbl_products","Manage core product records shown in catalog and product listing pages.","GET","/API/HARRY-CLINTON/Products/:id","View one record","Useful for opening one specific record in detail view screens. Manage core product records shown in catalog and product listing pages."
"C_Product_Catalog_&_Configuration","/Products","tbl_products","Manage core product records shown in catalog and product listing pages.","POST","/API/HARRY-CLINTON/Products","Create new record","Useful when business users add new data needed for operations and customer experience. Manage core product records shown in catalog and product listing pages."
"C_Product_Catalog_&_Configuration","/Products","tbl_products","Manage core product records shown in catalog and product listing pages.","PUT","/API/HARRY-CLINTON/Products","Update existing record","Useful for correcting details, status changes, and keeping live data accurate. Manage core product records shown in catalog and product listing pages."
"C_Product_Catalog_&_Configuration","/Products","tbl_products","Manage core product records shown in catalog and product listing pages.","DELETE","/API/HARRY-CLINTON/Products","Delete/disable record","Useful for removing inactive data from active flows while maintaining data hygiene. Manage core product records shown in catalog and product listing pages."
"C_Product_Catalog_&_Configuration","/Products-Attributes","tbl_attributes","Define product attribute types used for filtering and merchandising.","GET","/API/HARRY-CLINTON/Products-Attributes","View records list","Useful for listing and browsing records in admin/customer interfaces. Define product attribute types used for filtering and merchandising."
"C_Product_Catalog_&_Configuration","/Products-Attributes","tbl_attributes","Define product attribute types used for filtering and merchandising.","GET","/API/HARRY-CLINTON/Products-Attributes/:id","View one record","Useful for opening one specific record in detail view screens. Define product attribute types used for filtering and merchandising."
"C_Product_Catalog_&_Configuration","/Products-Attributes","tbl_attributes","Define product attribute types used for filtering and merchandising.","POST","/API/HARRY-CLINTON/Products-Attributes","Create new record","Useful when business users add new data needed for operations and customer experience. Define product attribute types used for filtering and merchandising."
"C_Product_Catalog_&_Configuration","/Products-Attributes","tbl_attributes","Define product attribute types used for filtering and merchandising.","PUT","/API/HARRY-CLINTON/Products-Attributes","Update existing record","Useful for correcting details, status changes, and keeping live data accurate. Define product attribute types used for filtering and merchandising."
"C_Product_Catalog_&_Configuration","/Products-Attributes","tbl_attributes","Define product attribute types used for filtering and merchandising.","DELETE","/API/HARRY-CLINTON/Products-Attributes","Delete/disable record","Useful for removing inactive data from active flows while maintaining data hygiene. Define product attribute types used for filtering and merchandising."
"C_Product_Catalog_&_Configuration","/Products-Attributes-Values","tbl_product_attribute_values","Store allowed values for product attributes such as pattern, fabric, or occasion.","GET","/API/HARRY-CLINTON/Products-Attributes-Values","View records list","Useful for listing and browsing records in admin/customer interfaces. Store allowed values for product attributes such as pattern, fabric, or occasion."
"C_Product_Catalog_&_Configuration","/Products-Attributes-Values","tbl_product_attribute_values","Store allowed values for product attributes such as pattern, fabric, or occasion.","GET","/API/HARRY-CLINTON/Products-Attributes-Values/:id","View one record","Useful for opening one specific record in detail view screens. Store allowed values for product attributes such as pattern, fabric, or occasion."
"C_Product_Catalog_&_Configuration","/Products-Attributes-Values","tbl_product_attribute_values","Store allowed values for product attributes such as pattern, fabric, or occasion.","POST","/API/HARRY-CLINTON/Products-Attributes-Values","Create new record","Useful when business users add new data needed for operations and customer experience. Store allowed values for product attributes such as pattern, fabric, or occasion."
"C_Product_Catalog_&_Configuration","/Products-Attributes-Values","tbl_product_attribute_values","Store allowed values for product attributes such as pattern, fabric, or occasion.","PUT","/API/HARRY-CLINTON/Products-Attributes-Values","Update existing record","Useful for correcting details, status changes, and keeping live data accurate. Store allowed values for product attributes such as pattern, fabric, or occasion."
"C_Product_Catalog_&_Configuration","/Products-Attributes-Values","tbl_product_attribute_values","Store allowed values for product attributes such as pattern, fabric, or occasion.","DELETE","/API/HARRY-CLINTON/Products-Attributes-Values","Delete/disable record","Useful for removing inactive data from active flows while maintaining data hygiene. Store allowed values for product attributes such as pattern, fabric, or occasion."
"C_Product_Catalog_&_Configuration","/Products-Care-Instructions","tbl_care_instructions","Manage care instruction entries displayed to customers after purchase consideration.","GET","/API/HARRY-CLINTON/Products-Care-Instructions","View records list","Useful for listing and browsing records in admin/customer interfaces. Manage care instruction entries displayed to customers after purchase consideration."
"C_Product_Catalog_&_Configuration","/Products-Care-Instructions","tbl_care_instructions","Manage care instruction entries displayed to customers after purchase consideration.","GET","/API/HARRY-CLINTON/Products-Care-Instructions/:id","View one record","Useful for opening one specific record in detail view screens. Manage care instruction entries displayed to customers after purchase consideration."
"C_Product_Catalog_&_Configuration","/Products-Care-Instructions","tbl_care_instructions","Manage care instruction entries displayed to customers after purchase consideration.","POST","/API/HARRY-CLINTON/Products-Care-Instructions","Create new record","Useful when business users add new data needed for operations and customer experience. Manage care instruction entries displayed to customers after purchase consideration."
"C_Product_Catalog_&_Configuration","/Products-Care-Instructions","tbl_care_instructions","Manage care instruction entries displayed to customers after purchase consideration.","PUT","/API/HARRY-CLINTON/Products-Care-Instructions","Update existing record","Useful for correcting details, status changes, and keeping live data accurate. Manage care instruction entries displayed to customers after purchase consideration."
"C_Product_Catalog_&_Configuration","/Products-Care-Instructions","tbl_care_instructions","Manage care instruction entries displayed to customers after purchase consideration.","DELETE","/API/HARRY-CLINTON/Products-Care-Instructions","Delete/disable record","Useful for removing inactive data from active flows while maintaining data hygiene. Manage care instruction entries displayed to customers after purchase consideration."
"C_Product_Catalog_&_Configuration","/Products-Cloth-Type-Care-Instructions","tbl_cloth_type_care_instructions","Map fabrics to recommended care guidance for consistency and customer trust.","GET","/API/HARRY-CLINTON/Products-Cloth-Type-Care-Instructions","View records list","Useful for listing and browsing records in admin/customer interfaces. Map fabrics to recommended care guidance for consistency and customer trust."
"C_Product_Catalog_&_Configuration","/Products-Cloth-Type-Care-Instructions","tbl_cloth_type_care_instructions","Map fabrics to recommended care guidance for consistency and customer trust.","GET","/API/HARRY-CLINTON/Products-Cloth-Type-Care-Instructions/:id","View one record","Useful for opening one specific record in detail view screens. Map fabrics to recommended care guidance for consistency and customer trust."
"C_Product_Catalog_&_Configuration","/Products-Cloth-Type-Care-Instructions","tbl_cloth_type_care_instructions","Map fabrics to recommended care guidance for consistency and customer trust.","POST","/API/HARRY-CLINTON/Products-Cloth-Type-Care-Instructions","Create new record","Useful when business users add new data needed for operations and customer experience. Map fabrics to recommended care guidance for consistency and customer trust."
"C_Product_Catalog_&_Configuration","/Products-Cloth-Type-Care-Instructions","tbl_cloth_type_care_instructions","Map fabrics to recommended care guidance for consistency and customer trust.","PUT","/API/HARRY-CLINTON/Products-Cloth-Type-Care-Instructions","Update existing record","Useful for correcting details, status changes, and keeping live data accurate. Map fabrics to recommended care guidance for consistency and customer trust."
"C_Product_Catalog_&_Configuration","/Products-Cloth-Type-Care-Instructions","tbl_cloth_type_care_instructions","Map fabrics to recommended care guidance for consistency and customer trust.","DELETE","/API/HARRY-CLINTON/Products-Cloth-Type-Care-Instructions","Delete/disable record","Useful for removing inactive data from active flows while maintaining data hygiene. Map fabrics to recommended care guidance for consistency and customer trust."
"C_Product_Catalog_&_Configuration","/Products-Cloth-Types","tbl_cloth_types","Manage cloth/fabric categories used in product metadata and filtering.","GET","/API/HARRY-CLINTON/Products-Cloth-Types","View records list","Useful for listing and browsing records in admin/customer interfaces. Manage cloth/fabric categories used in product metadata and filtering."
"C_Product_Catalog_&_Configuration","/Products-Cloth-Types","tbl_cloth_types","Manage cloth/fabric categories used in product metadata and filtering.","GET","/API/HARRY-CLINTON/Products-Cloth-Types/:id","View one record","Useful for opening one specific record in detail view screens. Manage cloth/fabric categories used in product metadata and filtering."
"C_Product_Catalog_&_Configuration","/Products-Cloth-Types","tbl_cloth_types","Manage cloth/fabric categories used in product metadata and filtering.","POST","/API/HARRY-CLINTON/Products-Cloth-Types","Create new record","Useful when business users add new data needed for operations and customer experience. Manage cloth/fabric categories used in product metadata and filtering."
"C_Product_Catalog_&_Configuration","/Products-Cloth-Types","tbl_cloth_types","Manage cloth/fabric categories used in product metadata and filtering.","PUT","/API/HARRY-CLINTON/Products-Cloth-Types","Update existing record","Useful for correcting details, status changes, and keeping live data accurate. Manage cloth/fabric categories used in product metadata and filtering."
"C_Product_Catalog_&_Configuration","/Products-Cloth-Types","tbl_cloth_types","Manage cloth/fabric categories used in product metadata and filtering.","DELETE","/API/HARRY-CLINTON/Products-Cloth-Types","Delete/disable record","Useful for removing inactive data from active flows while maintaining data hygiene. Manage cloth/fabric categories used in product metadata and filtering."
"C_Product_Catalog_&_Configuration","/Products-Media","tbl_product_media","Manage product images/videos used in product detail pages.","GET","/API/HARRY-CLINTON/Products-Media","View records list","Useful for listing and browsing records in admin/customer interfaces. Manage product images/videos used in product detail pages."
"C_Product_Catalog_&_Configuration","/Products-Media","tbl_product_media","Manage product images/videos used in product detail pages.","GET","/API/HARRY-CLINTON/Products-Media/:id","View one record","Useful for opening one specific record in detail view screens. Manage product images/videos used in product detail pages."
"C_Product_Catalog_&_Configuration","/Products-Media","tbl_product_media","Manage product images/videos used in product detail pages.","POST","/API/HARRY-CLINTON/Products-Media","Create new record","Useful when business users add new data needed for operations and customer experience. Manage product images/videos used in product detail pages."
"C_Product_Catalog_&_Configuration","/Products-Media","tbl_product_media","Manage product images/videos used in product detail pages.","PUT","/API/HARRY-CLINTON/Products-Media","Update existing record","Useful for correcting details, status changes, and keeping live data accurate. Manage product images/videos used in product detail pages."
"C_Product_Catalog_&_Configuration","/Products-Media","tbl_product_media","Manage product images/videos used in product detail pages.","DELETE","/API/HARRY-CLINTON/Products-Media","Delete/disable record","Useful for removing inactive data from active flows while maintaining data hygiene. Manage product images/videos used in product detail pages."
"C_Product_Catalog_&_Configuration","/Products-Seo","tbl_product_seo","Manage SEO metadata so product pages are discoverable in search engines.","GET","/API/HARRY-CLINTON/Products-Seo","View records list","Useful for listing and browsing records in admin/customer interfaces. Manage SEO metadata so product pages are discoverable in search engines."
"C_Product_Catalog_&_Configuration","/Products-Seo","tbl_product_seo","Manage SEO metadata so product pages are discoverable in search engines.","GET","/API/HARRY-CLINTON/Products-Seo/:id","View one record","Useful for opening one specific record in detail view screens. Manage SEO metadata so product pages are discoverable in search engines."
"C_Product_Catalog_&_Configuration","/Products-Seo","tbl_product_seo","Manage SEO metadata so product pages are discoverable in search engines.","POST","/API/HARRY-CLINTON/Products-Seo","Create new record","Useful when business users add new data needed for operations and customer experience. Manage SEO metadata so product pages are discoverable in search engines."
"C_Product_Catalog_&_Configuration","/Products-Seo","tbl_product_seo","Manage SEO metadata so product pages are discoverable in search engines.","PUT","/API/HARRY-CLINTON/Products-Seo","Update existing record","Useful for correcting details, status changes, and keeping live data accurate. Manage SEO metadata so product pages are discoverable in search engines."
"C_Product_Catalog_&_Configuration","/Products-Seo","tbl_product_seo","Manage SEO metadata so product pages are discoverable in search engines.","DELETE","/API/HARRY-CLINTON/Products-Seo","Delete/disable record","Useful for removing inactive data from active flows while maintaining data hygiene. Manage SEO metadata so product pages are discoverable in search engines."
"C_Product_Catalog_&_Configuration","/Products-Sizes","tbl_sizes","Manage size master data used while creating variants and size selection options.","GET","/API/HARRY-CLINTON/Products-Sizes","View records list","Useful for listing and browsing records in admin/customer interfaces. Manage size master data used while creating variants and size selection options."
"C_Product_Catalog_&_Configuration","/Products-Sizes","tbl_sizes","Manage size master data used while creating variants and size selection options.","GET","/API/HARRY-CLINTON/Products-Sizes/:id","View one record","Useful for opening one specific record in detail view screens. Manage size master data used while creating variants and size selection options."
"C_Product_Catalog_&_Configuration","/Products-Sizes","tbl_sizes","Manage size master data used while creating variants and size selection options.","POST","/API/HARRY-CLINTON/Products-Sizes","Create new record","Useful when business users add new data needed for operations and customer experience. Manage size master data used while creating variants and size selection options."
"C_Product_Catalog_&_Configuration","/Products-Sizes","tbl_sizes","Manage size master data used while creating variants and size selection options.","PUT","/API/HARRY-CLINTON/Products-Sizes","Update existing record","Useful for correcting details, status changes, and keeping live data accurate. Manage size master data used while creating variants and size selection options."
"C_Product_Catalog_&_Configuration","/Products-Sizes","tbl_sizes","Manage size master data used while creating variants and size selection options.","DELETE","/API/HARRY-CLINTON/Products-Sizes","Delete/disable record","Useful for removing inactive data from active flows while maintaining data hygiene. Manage size master data used while creating variants and size selection options."
"C_Product_Catalog_&_Configuration","/Products-Variants","tbl_product_variants","Manage purchasable product variants such as color, fit, or style options.","GET","/API/HARRY-CLINTON/Products-Variants","View records list","Useful for listing and browsing records in admin/customer interfaces. Manage purchasable product variants such as color, fit, or style options."
"C_Product_Catalog_&_Configuration","/Products-Variants","tbl_product_variants","Manage purchasable product variants such as color, fit, or style options.","GET","/API/HARRY-CLINTON/Products-Variants/:id","View one record","Useful for opening one specific record in detail view screens. Manage purchasable product variants such as color, fit, or style options."
"C_Product_Catalog_&_Configuration","/Products-Variants","tbl_product_variants","Manage purchasable product variants such as color, fit, or style options.","POST","/API/HARRY-CLINTON/Products-Variants","Create new record","Useful when business users add new data needed for operations and customer experience. Manage purchasable product variants such as color, fit, or style options."
"C_Product_Catalog_&_Configuration","/Products-Variants","tbl_product_variants","Manage purchasable product variants such as color, fit, or style options.","PUT","/API/HARRY-CLINTON/Products-Variants","Update existing record","Useful for correcting details, status changes, and keeping live data accurate. Manage purchasable product variants such as color, fit, or style options."
"C_Product_Catalog_&_Configuration","/Products-Variants","tbl_product_variants","Manage purchasable product variants such as color, fit, or style options.","DELETE","/API/HARRY-CLINTON/Products-Variants","Delete/disable record","Useful for removing inactive data from active flows while maintaining data hygiene. Manage purchasable product variants such as color, fit, or style options."
"D_Wishlist_Management","/Wishlist-Items","tbl_wishlist_items","Add or remove products in customer wishlists.","GET","/API/HARRY-CLINTON/Wishlist-Items","View records list","Useful for listing and browsing records in admin/customer interfaces. Add or remove products in customer wishlists."
"D_Wishlist_Management","/Wishlist-Items","tbl_wishlist_items","Add or remove products in customer wishlists.","GET","/API/HARRY-CLINTON/Wishlist-Items/:id","View one record","Useful for opening one specific record in detail view screens. Add or remove products in customer wishlists."
"D_Wishlist_Management","/Wishlist-Items","tbl_wishlist_items","Add or remove products in customer wishlists.","POST","/API/HARRY-CLINTON/Wishlist-Items","Create new record","Useful when business users add new data needed for operations and customer experience. Add or remove products in customer wishlists."
"D_Wishlist_Management","/Wishlist-Items","tbl_wishlist_items","Add or remove products in customer wishlists.","PUT","/API/HARRY-CLINTON/Wishlist-Items","Update existing record","Useful for correcting details, status changes, and keeping live data accurate. Add or remove products in customer wishlists."
"D_Wishlist_Management","/Wishlist-Items","tbl_wishlist_items","Add or remove products in customer wishlists.","DELETE","/API/HARRY-CLINTON/Wishlist-Items","Delete/disable record","Useful for removing inactive data from active flows while maintaining data hygiene. Add or remove products in customer wishlists."
"D_Wishlist_Management","/Wishlists","tbl_wishlists","Manage customer wishlist containers for save-for-later behavior.","GET","/API/HARRY-CLINTON/Wishlists","View records list","Useful for listing and browsing records in admin/customer interfaces. Manage customer wishlist containers for save-for-later behavior."
"D_Wishlist_Management","/Wishlists","tbl_wishlists","Manage customer wishlist containers for save-for-later behavior.","GET","/API/HARRY-CLINTON/Wishlists/:id","View one record","Useful for opening one specific record in detail view screens. Manage customer wishlist containers for save-for-later behavior."
"D_Wishlist_Management","/Wishlists","tbl_wishlists","Manage customer wishlist containers for save-for-later behavior.","POST","/API/HARRY-CLINTON/Wishlists","Create new record","Useful when business users add new data needed for operations and customer experience. Manage customer wishlist containers for save-for-later behavior."
"D_Wishlist_Management","/Wishlists","tbl_wishlists","Manage customer wishlist containers for save-for-later behavior.","PUT","/API/HARRY-CLINTON/Wishlists","Update existing record","Useful for correcting details, status changes, and keeping live data accurate. Manage customer wishlist containers for save-for-later behavior."
"D_Wishlist_Management","/Wishlists","tbl_wishlists","Manage customer wishlist containers for save-for-later behavior.","DELETE","/API/HARRY-CLINTON/Wishlists","Delete/disable record","Useful for removing inactive data from active flows while maintaining data hygiene. Manage customer wishlist containers for save-for-later behavior."
"E_Cart_Management","/Cart-Items","tbl_cart_items","Manage products, quantities, and prices inside carts.","GET","/API/HARRY-CLINTON/Cart-Items","View records list","Useful for listing and browsing records in admin/customer interfaces. Manage products, quantities, and prices inside carts."
"E_Cart_Management","/Cart-Items","tbl_cart_items","Manage products, quantities, and prices inside carts.","GET","/API/HARRY-CLINTON/Cart-Items/:id","View one record","Useful for opening one specific record in detail view screens. Manage products, quantities, and prices inside carts."
"E_Cart_Management","/Cart-Items","tbl_cart_items","Manage products, quantities, and prices inside carts.","POST","/API/HARRY-CLINTON/Cart-Items","Create new record","Useful when business users add new data needed for operations and customer experience. Manage products, quantities, and prices inside carts."
"E_Cart_Management","/Cart-Items","tbl_cart_items","Manage products, quantities, and prices inside carts.","PUT","/API/HARRY-CLINTON/Cart-Items","Update existing record","Useful for correcting details, status changes, and keeping live data accurate. Manage products, quantities, and prices inside carts."
"E_Cart_Management","/Cart-Items","tbl_cart_items","Manage products, quantities, and prices inside carts.","DELETE","/API/HARRY-CLINTON/Cart-Items","Delete/disable record","Useful for removing inactive data from active flows while maintaining data hygiene. Manage products, quantities, and prices inside carts."
"E_Cart_Management","/Carts","tbl_carts","Manage active shopping carts before order placement.","GET","/API/HARRY-CLINTON/Carts","View records list","Useful for listing and browsing records in admin/customer interfaces. Manage active shopping carts before order placement."
"E_Cart_Management","/Carts","tbl_carts","Manage active shopping carts before order placement.","GET","/API/HARRY-CLINTON/Carts/:id","View one record","Useful for opening one specific record in detail view screens. Manage active shopping carts before order placement."
"E_Cart_Management","/Carts","tbl_carts","Manage active shopping carts before order placement.","POST","/API/HARRY-CLINTON/Carts","Create new record","Useful when business users add new data needed for operations and customer experience. Manage active shopping carts before order placement."
"E_Cart_Management","/Carts","tbl_carts","Manage active shopping carts before order placement.","PUT","/API/HARRY-CLINTON/Carts","Update existing record","Useful for correcting details, status changes, and keeping live data accurate. Manage active shopping carts before order placement."
"E_Cart_Management","/Carts","tbl_carts","Manage active shopping carts before order placement.","DELETE","/API/HARRY-CLINTON/Carts","Delete/disable record","Useful for removing inactive data from active flows while maintaining data hygiene. Manage active shopping carts before order placement."
"F_Order_Management","/Invoices","tbl_invoices","Manage invoice records generated for completed or billable orders.","GET","/API/HARRY-CLINTON/Invoices","View records list","Useful for listing and browsing records in admin/customer interfaces. Manage invoice records generated for completed or billable orders."
"F_Order_Management","/Invoices","tbl_invoices","Manage invoice records generated for completed or billable orders.","GET","/API/HARRY-CLINTON/Invoices/:id","View one record","Useful for opening one specific record in detail view screens. Manage invoice records generated for completed or billable orders."
"F_Order_Management","/Invoices","tbl_invoices","Manage invoice records generated for completed or billable orders.","POST","/API/HARRY-CLINTON/Invoices","Create new record","Useful when business users add new data needed for operations and customer experience. Manage invoice records generated for completed or billable orders."
"F_Order_Management","/Invoices","tbl_invoices","Manage invoice records generated for completed or billable orders.","PUT","/API/HARRY-CLINTON/Invoices","Update existing record","Useful for correcting details, status changes, and keeping live data accurate. Manage invoice records generated for completed or billable orders."
"F_Order_Management","/Invoices","tbl_invoices","Manage invoice records generated for completed or billable orders.","DELETE","/API/HARRY-CLINTON/Invoices","Delete/disable record","Useful for removing inactive data from active flows while maintaining data hygiene. Manage invoice records generated for completed or billable orders."
"F_Order_Management","/Order-Addresses","tbl_order_addresses","Store delivery and billing address snapshots for each order.","GET","/API/HARRY-CLINTON/Order-Addresses","View records list","Useful for listing and browsing records in admin/customer interfaces. Store delivery and billing address snapshots for each order."
"F_Order_Management","/Order-Addresses","tbl_order_addresses","Store delivery and billing address snapshots for each order.","GET","/API/HARRY-CLINTON/Order-Addresses/:id","View one record","Useful for opening one specific record in detail view screens. Store delivery and billing address snapshots for each order."
"F_Order_Management","/Order-Addresses","tbl_order_addresses","Store delivery and billing address snapshots for each order.","POST","/API/HARRY-CLINTON/Order-Addresses","Create new record","Useful when business users add new data needed for operations and customer experience. Store delivery and billing address snapshots for each order."
"F_Order_Management","/Order-Addresses","tbl_order_addresses","Store delivery and billing address snapshots for each order.","PUT","/API/HARRY-CLINTON/Order-Addresses","Update existing record","Useful for correcting details, status changes, and keeping live data accurate. Store delivery and billing address snapshots for each order."
"F_Order_Management","/Order-Addresses","tbl_order_addresses","Store delivery and billing address snapshots for each order.","DELETE","/API/HARRY-CLINTON/Order-Addresses","Delete/disable record","Useful for removing inactive data from active flows while maintaining data hygiene. Store delivery and billing address snapshots for each order."
"F_Order_Management","/Order-Cancellations","tbl_order_cancellations","Capture cancellation requests, reasons, and outcomes.","GET","/API/HARRY-CLINTON/Order-Cancellations","View records list","Useful for listing and browsing records in admin/customer interfaces. Capture cancellation requests, reasons, and outcomes."
"F_Order_Management","/Order-Cancellations","tbl_order_cancellations","Capture cancellation requests, reasons, and outcomes.","GET","/API/HARRY-CLINTON/Order-Cancellations/:id","View one record","Useful for opening one specific record in detail view screens. Capture cancellation requests, reasons, and outcomes."
"F_Order_Management","/Order-Cancellations","tbl_order_cancellations","Capture cancellation requests, reasons, and outcomes.","POST","/API/HARRY-CLINTON/Order-Cancellations","Create new record","Useful when business users add new data needed for operations and customer experience. Capture cancellation requests, reasons, and outcomes."
"F_Order_Management","/Order-Cancellations","tbl_order_cancellations","Capture cancellation requests, reasons, and outcomes.","PUT","/API/HARRY-CLINTON/Order-Cancellations","Update existing record","Useful for correcting details, status changes, and keeping live data accurate. Capture cancellation requests, reasons, and outcomes."
"F_Order_Management","/Order-Cancellations","tbl_order_cancellations","Capture cancellation requests, reasons, and outcomes.","DELETE","/API/HARRY-CLINTON/Order-Cancellations","Delete/disable record","Useful for removing inactive data from active flows while maintaining data hygiene. Capture cancellation requests, reasons, and outcomes."
"F_Order_Management","/Order-Items","tbl_order_items","Manage line items that belong to each order.","GET","/API/HARRY-CLINTON/Order-Items","View records list","Useful for listing and browsing records in admin/customer interfaces. Manage line items that belong to each order."
"F_Order_Management","/Order-Items","tbl_order_items","Manage line items that belong to each order.","GET","/API/HARRY-CLINTON/Order-Items/:id","View one record","Useful for opening one specific record in detail view screens. Manage line items that belong to each order."
"F_Order_Management","/Order-Items","tbl_order_items","Manage line items that belong to each order.","POST","/API/HARRY-CLINTON/Order-Items","Create new record","Useful when business users add new data needed for operations and customer experience. Manage line items that belong to each order."
"F_Order_Management","/Order-Items","tbl_order_items","Manage line items that belong to each order.","PUT","/API/HARRY-CLINTON/Order-Items","Update existing record","Useful for correcting details, status changes, and keeping live data accurate. Manage line items that belong to each order."
"F_Order_Management","/Order-Items","tbl_order_items","Manage line items that belong to each order.","DELETE","/API/HARRY-CLINTON/Order-Items","Delete/disable record","Useful for removing inactive data from active flows while maintaining data hygiene. Manage line items that belong to each order."
"F_Order_Management","/Orders","tbl_orders","Manage order headers representing customer purchases.","GET","/API/HARRY-CLINTON/Orders","View records list","Useful for listing and browsing records in admin/customer interfaces. Manage order headers representing customer purchases."
"F_Order_Management","/Orders","tbl_orders","Manage order headers representing customer purchases.","GET","/API/HARRY-CLINTON/Orders/:id","View one record","Useful for opening one specific record in detail view screens. Manage order headers representing customer purchases."
"F_Order_Management","/Orders","tbl_orders","Manage order headers representing customer purchases.","POST","/API/HARRY-CLINTON/Orders","Create new record","Useful when business users add new data needed for operations and customer experience. Manage order headers representing customer purchases."
"F_Order_Management","/Orders","tbl_orders","Manage order headers representing customer purchases.","PUT","/API/HARRY-CLINTON/Orders","Update existing record","Useful for correcting details, status changes, and keeping live data accurate. Manage order headers representing customer purchases."
"F_Order_Management","/Orders","tbl_orders","Manage order headers representing customer purchases.","DELETE","/API/HARRY-CLINTON/Orders","Delete/disable record","Useful for removing inactive data from active flows while maintaining data hygiene. Manage order headers representing customer purchases."
"F_Order_Management","/Order-Status-History","tbl_order_status_history","Track every order status transition over time.","GET","/API/HARRY-CLINTON/Order-Status-History","View records list","Useful for listing and browsing records in admin/customer interfaces. Track every order status transition over time."
"F_Order_Management","/Order-Status-History","tbl_order_status_history","Track every order status transition over time.","GET","/API/HARRY-CLINTON/Order-Status-History/:id","View one record","Useful for opening one specific record in detail view screens. Track every order status transition over time."
"F_Order_Management","/Order-Status-History","tbl_order_status_history","Track every order status transition over time.","POST","/API/HARRY-CLINTON/Order-Status-History","Create new record","Useful when business users add new data needed for operations and customer experience. Track every order status transition over time."
"F_Order_Management","/Order-Status-History","tbl_order_status_history","Track every order status transition over time.","PUT","/API/HARRY-CLINTON/Order-Status-History","Update existing record","Useful for correcting details, status changes, and keeping live data accurate. Track every order status transition over time."
"F_Order_Management","/Order-Status-History","tbl_order_status_history","Track every order status transition over time.","DELETE","/API/HARRY-CLINTON/Order-Status-History","Delete/disable record","Useful for removing inactive data from active flows while maintaining data hygiene. Track every order status transition over time."
"F_Order_Management","/Order-Status-Master","tbl_order_status_master","Manage valid order statuses used in lifecycle tracking.","GET","/API/HARRY-CLINTON/Order-Status-Master","View records list","Useful for listing and browsing records in admin/customer interfaces. Manage valid order statuses used in lifecycle tracking."
"F_Order_Management","/Order-Status-Master","tbl_order_status_master","Manage valid order statuses used in lifecycle tracking.","GET","/API/HARRY-CLINTON/Order-Status-Master/:id","View one record","Useful for opening one specific record in detail view screens. Manage valid order statuses used in lifecycle tracking."
"F_Order_Management","/Order-Status-Master","tbl_order_status_master","Manage valid order statuses used in lifecycle tracking.","POST","/API/HARRY-CLINTON/Order-Status-Master","Create new record","Useful when business users add new data needed for operations and customer experience. Manage valid order statuses used in lifecycle tracking."
"F_Order_Management","/Order-Status-Master","tbl_order_status_master","Manage valid order statuses used in lifecycle tracking.","PUT","/API/HARRY-CLINTON/Order-Status-Master","Update existing record","Useful for correcting details, status changes, and keeping live data accurate. Manage valid order statuses used in lifecycle tracking."
"F_Order_Management","/Order-Status-Master","tbl_order_status_master","Manage valid order statuses used in lifecycle tracking.","DELETE","/API/HARRY-CLINTON/Order-Status-Master","Delete/disable record","Useful for removing inactive data from active flows while maintaining data hygiene. Manage valid order statuses used in lifecycle tracking."
"G_Payments","/Payments","tbl_payments","Record payment transactions, status, and reconciliation fields.","GET","/API/HARRY-CLINTON/Payments","View records list","Useful for listing and browsing records in admin/customer interfaces. Record payment transactions, status, and reconciliation fields."
"G_Payments","/Payments","tbl_payments","Record payment transactions, status, and reconciliation fields.","GET","/API/HARRY-CLINTON/Payments/:id","View one record","Useful for opening one specific record in detail view screens. Record payment transactions, status, and reconciliation fields."
"G_Payments","/Payments","tbl_payments","Record payment transactions, status, and reconciliation fields.","POST","/API/HARRY-CLINTON/Payments","Create new record","Useful when business users add new data needed for operations and customer experience. Record payment transactions, status, and reconciliation fields."
"G_Payments","/Payments","tbl_payments","Record payment transactions, status, and reconciliation fields.","PUT","/API/HARRY-CLINTON/Payments","Update existing record","Useful for correcting details, status changes, and keeping live data accurate. Record payment transactions, status, and reconciliation fields."
"G_Payments","/Payments","tbl_payments","Record payment transactions, status, and reconciliation fields.","DELETE","/API/HARRY-CLINTON/Payments","Delete/disable record","Useful for removing inactive data from active flows while maintaining data hygiene. Record payment transactions, status, and reconciliation fields."
"H_Coupons_&_Discounts","/Coupons","tbl_coupons","Manage coupon definitions and eligibility settings.","GET","/API/HARRY-CLINTON/Coupons","View records list","Useful for listing and browsing records in admin/customer interfaces. Manage coupon definitions and eligibility settings."
"H_Coupons_&_Discounts","/Coupons","tbl_coupons","Manage coupon definitions and eligibility settings.","GET","/API/HARRY-CLINTON/Coupons/:id","View one record","Useful for opening one specific record in detail view screens. Manage coupon definitions and eligibility settings."
"H_Coupons_&_Discounts","/Coupons","tbl_coupons","Manage coupon definitions and eligibility settings.","POST","/API/HARRY-CLINTON/Coupons","Create new record","Useful when business users add new data needed for operations and customer experience. Manage coupon definitions and eligibility settings."
"H_Coupons_&_Discounts","/Coupons","tbl_coupons","Manage coupon definitions and eligibility settings.","PUT","/API/HARRY-CLINTON/Coupons","Update existing record","Useful for correcting details, status changes, and keeping live data accurate. Manage coupon definitions and eligibility settings."
"H_Coupons_&_Discounts","/Coupons","tbl_coupons","Manage coupon definitions and eligibility settings.","DELETE","/API/HARRY-CLINTON/Coupons","Delete/disable record","Useful for removing inactive data from active flows while maintaining data hygiene. Manage coupon definitions and eligibility settings."
"H_Coupons_&_Discounts","/Coupon-Usage","tbl_coupon_usage","Track coupon consumption by users and orders to control misuse.","GET","/API/HARRY-CLINTON/Coupon-Usage","View records list","Useful for listing and browsing records in admin/customer interfaces. Track coupon consumption by users and orders to control misuse."
"H_Coupons_&_Discounts","/Coupon-Usage","tbl_coupon_usage","Track coupon consumption by users and orders to control misuse.","GET","/API/HARRY-CLINTON/Coupon-Usage/:id","View one record","Useful for opening one specific record in detail view screens. Track coupon consumption by users and orders to control misuse."
"H_Coupons_&_Discounts","/Coupon-Usage","tbl_coupon_usage","Track coupon consumption by users and orders to control misuse.","POST","/API/HARRY-CLINTON/Coupon-Usage","Create new record","Useful when business users add new data needed for operations and customer experience. Track coupon consumption by users and orders to control misuse."
"H_Coupons_&_Discounts","/Coupon-Usage","tbl_coupon_usage","Track coupon consumption by users and orders to control misuse.","PUT","/API/HARRY-CLINTON/Coupon-Usage","Update existing record","Useful for correcting details, status changes, and keeping live data accurate. Track coupon consumption by users and orders to control misuse."
"H_Coupons_&_Discounts","/Coupon-Usage","tbl_coupon_usage","Track coupon consumption by users and orders to control misuse.","DELETE","/API/HARRY-CLINTON/Coupon-Usage","Delete/disable record","Useful for removing inactive data from active flows while maintaining data hygiene. Track coupon consumption by users and orders to control misuse."
"H_Coupons_&_Discounts","/Discounts","tbl_discounts","Manage discount rules that can apply across product/order contexts.","GET","/API/HARRY-CLINTON/Discounts","View records list","Useful for listing and browsing records in admin/customer interfaces. Manage discount rules that can apply across product/order contexts."
"H_Coupons_&_Discounts","/Discounts","tbl_discounts","Manage discount rules that can apply across product/order contexts.","GET","/API/HARRY-CLINTON/Discounts/:id","View one record","Useful for opening one specific record in detail view screens. Manage discount rules that can apply across product/order contexts."
"H_Coupons_&_Discounts","/Discounts","tbl_discounts","Manage discount rules that can apply across product/order contexts.","POST","/API/HARRY-CLINTON/Discounts","Create new record","Useful when business users add new data needed for operations and customer experience. Manage discount rules that can apply across product/order contexts."
"H_Coupons_&_Discounts","/Discounts","tbl_discounts","Manage discount rules that can apply across product/order contexts.","PUT","/API/HARRY-CLINTON/Discounts","Update existing record","Useful for correcting details, status changes, and keeping live data accurate. Manage discount rules that can apply across product/order contexts."
"H_Coupons_&_Discounts","/Discounts","tbl_discounts","Manage discount rules that can apply across product/order contexts.","DELETE","/API/HARRY-CLINTON/Discounts","Delete/disable record","Useful for removing inactive data from active flows while maintaining data hygiene. Manage discount rules that can apply across product/order contexts."
"H_Coupons_&_Discounts","/Discount-Targets","tbl_discount_targets","Map discounts to applicable targets such as products or collections.","GET","/API/HARRY-CLINTON/Discount-Targets","View records list","Useful for listing and browsing records in admin/customer interfaces. Map discounts to applicable targets such as products or collections."
"H_Coupons_&_Discounts","/Discount-Targets","tbl_discount_targets","Map discounts to applicable targets such as products or collections.","GET","/API/HARRY-CLINTON/Discount-Targets/:id","View one record","Useful for opening one specific record in detail view screens. Map discounts to applicable targets such as products or collections."
"H_Coupons_&_Discounts","/Discount-Targets","tbl_discount_targets","Map discounts to applicable targets such as products or collections.","POST","/API/HARRY-CLINTON/Discount-Targets","Create new record","Useful when business users add new data needed for operations and customer experience. Map discounts to applicable targets such as products or collections."
"H_Coupons_&_Discounts","/Discount-Targets","tbl_discount_targets","Map discounts to applicable targets such as products or collections.","PUT","/API/HARRY-CLINTON/Discount-Targets","Update existing record","Useful for correcting details, status changes, and keeping live data accurate. Map discounts to applicable targets such as products or collections."
"H_Coupons_&_Discounts","/Discount-Targets","tbl_discount_targets","Map discounts to applicable targets such as products or collections.","DELETE","/API/HARRY-CLINTON/Discount-Targets","Delete/disable record","Useful for removing inactive data from active flows while maintaining data hygiene. Map discounts to applicable targets such as products or collections."
"H_Coupons_&_Discounts","/Order-Promotions","tbl_order_promotions","Store promotion benefits actually applied to placed orders.","GET","/API/HARRY-CLINTON/Order-Promotions","View records list","Useful for listing and browsing records in admin/customer interfaces. Store promotion benefits actually applied to placed orders."
"H_Coupons_&_Discounts","/Order-Promotions","tbl_order_promotions","Store promotion benefits actually applied to placed orders.","GET","/API/HARRY-CLINTON/Order-Promotions/:id","View one record","Useful for opening one specific record in detail view screens. Store promotion benefits actually applied to placed orders."
"H_Coupons_&_Discounts","/Order-Promotions","tbl_order_promotions","Store promotion benefits actually applied to placed orders.","POST","/API/HARRY-CLINTON/Order-Promotions","Create new record","Useful when business users add new data needed for operations and customer experience. Store promotion benefits actually applied to placed orders."
"H_Coupons_&_Discounts","/Order-Promotions","tbl_order_promotions","Store promotion benefits actually applied to placed orders.","PUT","/API/HARRY-CLINTON/Order-Promotions","Update existing record","Useful for correcting details, status changes, and keeping live data accurate. Store promotion benefits actually applied to placed orders."
"H_Coupons_&_Discounts","/Order-Promotions","tbl_order_promotions","Store promotion benefits actually applied to placed orders.","DELETE","/API/HARRY-CLINTON/Order-Promotions","Delete/disable record","Useful for removing inactive data from active flows while maintaining data hygiene. Store promotion benefits actually applied to placed orders."
"HC_A_Header_Running_Bars","/Running-Bar","tbl_running_bars","Manage running information bars used for high-visibility announcements.","GET","/API/HARRY-CLINTON/Running-Bar","View records list","Useful for listing and browsing records in admin/customer interfaces. Manage running information bars used for high-visibility announcements."
"HC_A_Header_Running_Bars","/Running-Bar","tbl_running_bars","Manage running information bars used for high-visibility announcements.","GET","/API/HARRY-CLINTON/Running-Bar/:id","View one record","Useful for opening one specific record in detail view screens. Manage running information bars used for high-visibility announcements."
"HC_A_Header_Running_Bars","/Running-Bar","tbl_running_bars","Manage running information bars used for high-visibility announcements.","POST","/API/HARRY-CLINTON/Running-Bar","Create new record","Useful when business users add new data needed for operations and customer experience. Manage running information bars used for high-visibility announcements."
"HC_A_Header_Running_Bars","/Running-Bar","tbl_running_bars","Manage running information bars used for high-visibility announcements.","PUT","/API/HARRY-CLINTON/Running-Bar","Update existing record","Useful for correcting details, status changes, and keeping live data accurate. Manage running information bars used for high-visibility announcements."
"HC_A_Header_Running_Bars","/Running-Bar","tbl_running_bars","Manage running information bars used for high-visibility announcements.","DELETE","/API/HARRY-CLINTON/Running-Bar","Delete/disable record","Useful for removing inactive data from active flows while maintaining data hygiene. Manage running information bars used for high-visibility announcements."
"HC_A_Header_Running_Bars","/Running-Bar-Items","tbl_running_bar_items","Manage items/messages shown inside each running bar.","GET","/API/HARRY-CLINTON/Running-Bar-Items","View records list","Useful for listing and browsing records in admin/customer interfaces. Manage items/messages shown inside each running bar."
"HC_A_Header_Running_Bars","/Running-Bar-Items","tbl_running_bar_items","Manage items/messages shown inside each running bar.","GET","/API/HARRY-CLINTON/Running-Bar-Items/:id","View one record","Useful for opening one specific record in detail view screens. Manage items/messages shown inside each running bar."
"HC_A_Header_Running_Bars","/Running-Bar-Items","tbl_running_bar_items","Manage items/messages shown inside each running bar.","POST","/API/HARRY-CLINTON/Running-Bar-Items","Create new record","Useful when business users add new data needed for operations and customer experience. Manage items/messages shown inside each running bar."
"HC_A_Header_Running_Bars","/Running-Bar-Items","tbl_running_bar_items","Manage items/messages shown inside each running bar.","PUT","/API/HARRY-CLINTON/Running-Bar-Items","Update existing record","Useful for correcting details, status changes, and keeping live data accurate. Manage items/messages shown inside each running bar."
"HC_A_Header_Running_Bars","/Running-Bar-Items","tbl_running_bar_items","Manage items/messages shown inside each running bar.","DELETE","/API/HARRY-CLINTON/Running-Bar-Items","Delete/disable record","Useful for removing inactive data from active flows while maintaining data hygiene. Manage items/messages shown inside each running bar."
"HC_B_Menu_Navigation","/Menu-Category","tbl_menu_categories","Manage top-level menu categories used for site navigation.","GET","/API/HARRY-CLINTON/Menu-Category","View records list","Useful for listing and browsing records in admin/customer interfaces. Manage top-level menu categories used for site navigation."
"HC_B_Menu_Navigation","/Menu-Category","tbl_menu_categories","Manage top-level menu categories used for site navigation.","GET","/API/HARRY-CLINTON/Menu-Category/:id","View one record","Useful for opening one specific record in detail view screens. Manage top-level menu categories used for site navigation."
"HC_B_Menu_Navigation","/Menu-Category","tbl_menu_categories","Manage top-level menu categories used for site navigation.","POST","/API/HARRY-CLINTON/Menu-Category","Create new record","Useful when business users add new data needed for operations and customer experience. Manage top-level menu categories used for site navigation."
"HC_B_Menu_Navigation","/Menu-Category","tbl_menu_categories","Manage top-level menu categories used for site navigation.","PUT","/API/HARRY-CLINTON/Menu-Category","Update existing record","Useful for correcting details, status changes, and keeping live data accurate. Manage top-level menu categories used for site navigation."
"HC_B_Menu_Navigation","/Menu-Category","tbl_menu_categories","Manage top-level menu categories used for site navigation.","DELETE","/API/HARRY-CLINTON/Menu-Category","Delete/disable record","Useful for removing inactive data from active flows while maintaining data hygiene. Manage top-level menu categories used for site navigation."
"HC_B_Menu_Navigation","/Menu-Sub-Category","tbl_menu_subcategories","Manage sub-categories under top-level navigation.","GET","/API/HARRY-CLINTON/Menu-Sub-Category","View records list","Useful for listing and browsing records in admin/customer interfaces. Manage sub-categories under top-level navigation."
"HC_B_Menu_Navigation","/Menu-Sub-Category","tbl_menu_subcategories","Manage sub-categories under top-level navigation.","GET","/API/HARRY-CLINTON/Menu-Sub-Category/:id","View one record","Useful for opening one specific record in detail view screens. Manage sub-categories under top-level navigation."
"HC_B_Menu_Navigation","/Menu-Sub-Category","tbl_menu_subcategories","Manage sub-categories under top-level navigation.","POST","/API/HARRY-CLINTON/Menu-Sub-Category","Create new record","Useful when business users add new data needed for operations and customer experience. Manage sub-categories under top-level navigation."
"HC_B_Menu_Navigation","/Menu-Sub-Category","tbl_menu_subcategories","Manage sub-categories under top-level navigation.","PUT","/API/HARRY-CLINTON/Menu-Sub-Category","Update existing record","Useful for correcting details, status changes, and keeping live data accurate. Manage sub-categories under top-level navigation."
"HC_B_Menu_Navigation","/Menu-Sub-Category","tbl_menu_subcategories","Manage sub-categories under top-level navigation.","DELETE","/API/HARRY-CLINTON/Menu-Sub-Category","Delete/disable record","Useful for removing inactive data from active flows while maintaining data hygiene. Manage sub-categories under top-level navigation."
"HC_C_Home_Visuals","/Image-Sliders","tbl_image_sliders","Manage homepage slider visuals and ordering.","GET","/API/HARRY-CLINTON/Image-Sliders","View records list","Useful for listing and browsing records in admin/customer interfaces. Manage homepage slider visuals and ordering."
"HC_C_Home_Visuals","/Image-Sliders","tbl_image_sliders","Manage homepage slider visuals and ordering.","GET","/API/HARRY-CLINTON/Image-Sliders/:id","View one record","Useful for opening one specific record in detail view screens. Manage homepage slider visuals and ordering."
"HC_C_Home_Visuals","/Image-Sliders","tbl_image_sliders","Manage homepage slider visuals and ordering.","POST","/API/HARRY-CLINTON/Image-Sliders","Create new record","Useful when business users add new data needed for operations and customer experience. Manage homepage slider visuals and ordering."
"HC_C_Home_Visuals","/Image-Sliders","tbl_image_sliders","Manage homepage slider visuals and ordering.","PUT","/API/HARRY-CLINTON/Image-Sliders","Update existing record","Useful for correcting details, status changes, and keeping live data accurate. Manage homepage slider visuals and ordering."
"HC_C_Home_Visuals","/Image-Sliders","tbl_image_sliders","Manage homepage slider visuals and ordering.","DELETE","/API/HARRY-CLINTON/Image-Sliders","Delete/disable record","Useful for removing inactive data from active flows while maintaining data hygiene. Manage homepage slider visuals and ordering."
"HC_C_Home_Visuals","/Menu-Video","tbl_menu_videos","Manage menu/hero videos used in visual merchandising.","GET","/API/HARRY-CLINTON/Menu-Video","View records list","Useful for listing and browsing records in admin/customer interfaces. Manage menu/hero videos used in visual merchandising."
"HC_C_Home_Visuals","/Menu-Video","tbl_menu_videos","Manage menu/hero videos used in visual merchandising.","GET","/API/HARRY-CLINTON/Menu-Video/:id","View one record","Useful for opening one specific record in detail view screens. Manage menu/hero videos used in visual merchandising."
"HC_C_Home_Visuals","/Menu-Video","tbl_menu_videos","Manage menu/hero videos used in visual merchandising.","POST","/API/HARRY-CLINTON/Menu-Video","Create new record","Useful when business users add new data needed for operations and customer experience. Manage menu/hero videos used in visual merchandising."
"HC_C_Home_Visuals","/Menu-Video","tbl_menu_videos","Manage menu/hero videos used in visual merchandising.","PUT","/API/HARRY-CLINTON/Menu-Video","Update existing record","Useful for correcting details, status changes, and keeping live data accurate. Manage menu/hero videos used in visual merchandising."
"HC_C_Home_Visuals","/Menu-Video","tbl_menu_videos","Manage menu/hero videos used in visual merchandising.","DELETE","/API/HARRY-CLINTON/Menu-Video","Delete/disable record","Useful for removing inactive data from active flows while maintaining data hygiene. Manage menu/hero videos used in visual merchandising."
"HC_D_Spotlight","/Spotlight-Entries","tbl_spotlight_entries","Manage spotlight stories or featured blocks.","GET","/API/HARRY-CLINTON/Spotlight-Entries","View records list","Useful for listing and browsing records in admin/customer interfaces. Manage spotlight stories or featured blocks."
"HC_D_Spotlight","/Spotlight-Entries","tbl_spotlight_entries","Manage spotlight stories or featured blocks.","GET","/API/HARRY-CLINTON/Spotlight-Entries/:id","View one record","Useful for opening one specific record in detail view screens. Manage spotlight stories or featured blocks."
"HC_D_Spotlight","/Spotlight-Entries","tbl_spotlight_entries","Manage spotlight stories or featured blocks.","POST","/API/HARRY-CLINTON/Spotlight-Entries","Create new record","Useful when business users add new data needed for operations and customer experience. Manage spotlight stories or featured blocks."
"HC_D_Spotlight","/Spotlight-Entries","tbl_spotlight_entries","Manage spotlight stories or featured blocks.","PUT","/API/HARRY-CLINTON/Spotlight-Entries","Update existing record","Useful for correcting details, status changes, and keeping live data accurate. Manage spotlight stories or featured blocks."
"HC_D_Spotlight","/Spotlight-Entries","tbl_spotlight_entries","Manage spotlight stories or featured blocks.","DELETE","/API/HARRY-CLINTON/Spotlight-Entries","Delete/disable record","Useful for removing inactive data from active flows while maintaining data hygiene. Manage spotlight stories or featured blocks."
"HC_D_Spotlight","/Spotlight-Media","tbl_spotlight_media","Manage media assets for spotlight entries.","GET","/API/HARRY-CLINTON/Spotlight-Media","View records list","Useful for listing and browsing records in admin/customer interfaces. Manage media assets for spotlight entries."
"HC_D_Spotlight","/Spotlight-Media","tbl_spotlight_media","Manage media assets for spotlight entries.","GET","/API/HARRY-CLINTON/Spotlight-Media/:id","View one record","Useful for opening one specific record in detail view screens. Manage media assets for spotlight entries."
"HC_D_Spotlight","/Spotlight-Media","tbl_spotlight_media","Manage media assets for spotlight entries.","POST","/API/HARRY-CLINTON/Spotlight-Media","Create new record","Useful when business users add new data needed for operations and customer experience. Manage media assets for spotlight entries."
"HC_D_Spotlight","/Spotlight-Media","tbl_spotlight_media","Manage media assets for spotlight entries.","PUT","/API/HARRY-CLINTON/Spotlight-Media","Update existing record","Useful for correcting details, status changes, and keeping live data accurate. Manage media assets for spotlight entries."
"HC_D_Spotlight","/Spotlight-Media","tbl_spotlight_media","Manage media assets for spotlight entries.","DELETE","/API/HARRY-CLINTON/Spotlight-Media","Delete/disable record","Useful for removing inactive data from active flows while maintaining data hygiene. Manage media assets for spotlight entries."
"HC_E_Style_by_HC","/Style-Collection-Media","tbl_style_collection_media","Manage media items attached to style collections.","GET","/API/HARRY-CLINTON/Style-Collection-Media","View records list","Useful for listing and browsing records in admin/customer interfaces. Manage media items attached to style collections."
"HC_E_Style_by_HC","/Style-Collection-Media","tbl_style_collection_media","Manage media items attached to style collections.","GET","/API/HARRY-CLINTON/Style-Collection-Media/:id","View one record","Useful for opening one specific record in detail view screens. Manage media items attached to style collections."
"HC_E_Style_by_HC","/Style-Collection-Media","tbl_style_collection_media","Manage media items attached to style collections.","POST","/API/HARRY-CLINTON/Style-Collection-Media","Create new record","Useful when business users add new data needed for operations and customer experience. Manage media items attached to style collections."
"HC_E_Style_by_HC","/Style-Collection-Media","tbl_style_collection_media","Manage media items attached to style collections.","PUT","/API/HARRY-CLINTON/Style-Collection-Media","Update existing record","Useful for correcting details, status changes, and keeping live data accurate. Manage media items attached to style collections."
"HC_E_Style_by_HC","/Style-Collection-Media","tbl_style_collection_media","Manage media items attached to style collections.","DELETE","/API/HARRY-CLINTON/Style-Collection-Media","Delete/disable record","Useful for removing inactive data from active flows while maintaining data hygiene. Manage media items attached to style collections."
"HC_E_Style_by_HC","/Style-Collections","tbl_style_collections","Manage style collections for lookbook-like discovery.","GET","/API/HARRY-CLINTON/Style-Collections","View records list","Useful for listing and browsing records in admin/customer interfaces. Manage style collections for lookbook-like discovery."
"HC_E_Style_by_HC","/Style-Collections","tbl_style_collections","Manage style collections for lookbook-like discovery.","GET","/API/HARRY-CLINTON/Style-Collections/:id","View one record","Useful for opening one specific record in detail view screens. Manage style collections for lookbook-like discovery."
"HC_E_Style_by_HC","/Style-Collections","tbl_style_collections","Manage style collections for lookbook-like discovery.","POST","/API/HARRY-CLINTON/Style-Collections","Create new record","Useful when business users add new data needed for operations and customer experience. Manage style collections for lookbook-like discovery."
"HC_E_Style_by_HC","/Style-Collections","tbl_style_collections","Manage style collections for lookbook-like discovery.","PUT","/API/HARRY-CLINTON/Style-Collections","Update existing record","Useful for correcting details, status changes, and keeping live data accurate. Manage style collections for lookbook-like discovery."
"HC_E_Style_by_HC","/Style-Collections","tbl_style_collections","Manage style collections for lookbook-like discovery.","DELETE","/API/HARRY-CLINTON/Style-Collections","Delete/disable record","Useful for removing inactive data from active flows while maintaining data hygiene. Manage style collections for lookbook-like discovery."
"HC_F_Appointments","/Appointment-Date-Slots","tbl_appointment_date_slots","Manage available appointment dates.","GET","/API/HARRY-CLINTON/Appointment-Date-Slots","View records list","Useful for listing and browsing records in admin/customer interfaces. Manage available appointment dates."
"HC_F_Appointments","/Appointment-Date-Slots","tbl_appointment_date_slots","Manage available appointment dates.","GET","/API/HARRY-CLINTON/Appointment-Date-Slots/:id","View one record","Useful for opening one specific record in detail view screens. Manage available appointment dates."
"HC_F_Appointments","/Appointment-Date-Slots","tbl_appointment_date_slots","Manage available appointment dates.","POST","/API/HARRY-CLINTON/Appointment-Date-Slots","Create new record","Useful when business users add new data needed for operations and customer experience. Manage available appointment dates."
"HC_F_Appointments","/Appointment-Date-Slots","tbl_appointment_date_slots","Manage available appointment dates.","PUT","/API/HARRY-CLINTON/Appointment-Date-Slots","Update existing record","Useful for correcting details, status changes, and keeping live data accurate. Manage available appointment dates."
"HC_F_Appointments","/Appointment-Date-Slots","tbl_appointment_date_slots","Manage available appointment dates.","DELETE","/API/HARRY-CLINTON/Appointment-Date-Slots","Delete/disable record","Useful for removing inactive data from active flows while maintaining data hygiene. Manage available appointment dates."
"HC_F_Appointments","/Appointment-Slot-Blocks","tbl_appointment_slot_blocks","Block date/time windows to prevent booking in unavailable periods.","GET","/API/HARRY-CLINTON/Appointment-Slot-Blocks","View records list","Useful for listing and browsing records in admin/customer interfaces. Block date/time windows to prevent booking in unavailable periods."
"HC_F_Appointments","/Appointment-Slot-Blocks","tbl_appointment_slot_blocks","Block date/time windows to prevent booking in unavailable periods.","GET","/API/HARRY-CLINTON/Appointment-Slot-Blocks/:id","View one record","Useful for opening one specific record in detail view screens. Block date/time windows to prevent booking in unavailable periods."
"HC_F_Appointments","/Appointment-Slot-Blocks","tbl_appointment_slot_blocks","Block date/time windows to prevent booking in unavailable periods.","POST","/API/HARRY-CLINTON/Appointment-Slot-Blocks","Create new record","Useful when business users add new data needed for operations and customer experience. Block date/time windows to prevent booking in unavailable periods."
"HC_F_Appointments","/Appointment-Slot-Blocks","tbl_appointment_slot_blocks","Block date/time windows to prevent booking in unavailable periods.","PUT","/API/HARRY-CLINTON/Appointment-Slot-Blocks","Update existing record","Useful for correcting details, status changes, and keeping live data accurate. Block date/time windows to prevent booking in unavailable periods."
"HC_F_Appointments","/Appointment-Slot-Blocks","tbl_appointment_slot_blocks","Block date/time windows to prevent booking in unavailable periods.","DELETE","/API/HARRY-CLINTON/Appointment-Slot-Blocks","Delete/disable record","Useful for removing inactive data from active flows while maintaining data hygiene. Block date/time windows to prevent booking in unavailable periods."
"HC_F_Appointments","/Appointment-Time-Slots","tbl_appointment_time_slots","Manage available appointment times under date slots.","GET","/API/HARRY-CLINTON/Appointment-Time-Slots","View records list","Useful for listing and browsing records in admin/customer interfaces. Manage available appointment times under date slots."
"HC_F_Appointments","/Appointment-Time-Slots","tbl_appointment_time_slots","Manage available appointment times under date slots.","GET","/API/HARRY-CLINTON/Appointment-Time-Slots/:id","View one record","Useful for opening one specific record in detail view screens. Manage available appointment times under date slots."
"HC_F_Appointments","/Appointment-Time-Slots","tbl_appointment_time_slots","Manage available appointment times under date slots.","POST","/API/HARRY-CLINTON/Appointment-Time-Slots","Create new record","Useful when business users add new data needed for operations and customer experience. Manage available appointment times under date slots."
"HC_F_Appointments","/Appointment-Time-Slots","tbl_appointment_time_slots","Manage available appointment times under date slots.","PUT","/API/HARRY-CLINTON/Appointment-Time-Slots","Update existing record","Useful for correcting details, status changes, and keeping live data accurate. Manage available appointment times under date slots."
"HC_F_Appointments","/Appointment-Time-Slots","tbl_appointment_time_slots","Manage available appointment times under date slots.","DELETE","/API/HARRY-CLINTON/Appointment-Time-Slots","Delete/disable record","Useful for removing inactive data from active flows while maintaining data hygiene. Manage available appointment times under date slots."
"HC_F_Appointments","/Appointment-Time-Slots","tbl_appointment_time_slots","Manage available appointment times under date slots.","GET","/API/HARRY-CLINTON/Appointment-Time-Slots/by-date/:appointment_date_slot_id","View time slots by date","Useful for showing available appointment times for a selected date. Manage available appointment times under date slots."
"HC_F_Appointments","/Custom-Appointments","tbl_custom_appointments","Manage appointment bookings submitted by customers.","GET","/API/HARRY-CLINTON/Custom-Appointments","View records list","Useful for listing and browsing records in admin/customer interfaces. Manage appointment bookings submitted by customers."
"HC_F_Appointments","/Custom-Appointments","tbl_custom_appointments","Manage appointment bookings submitted by customers.","GET","/API/HARRY-CLINTON/Custom-Appointments/:id","View one record","Useful for opening one specific record in detail view screens. Manage appointment bookings submitted by customers."
"HC_F_Appointments","/Custom-Appointments","tbl_custom_appointments","Manage appointment bookings submitted by customers.","POST","/API/HARRY-CLINTON/Custom-Appointments","Create new record","Useful when business users add new data needed for operations and customer experience. Manage appointment bookings submitted by customers."
"HC_F_Appointments","/Custom-Appointments","tbl_custom_appointments","Manage appointment bookings submitted by customers.","PUT","/API/HARRY-CLINTON/Custom-Appointments","Update existing record","Useful for correcting details, status changes, and keeping live data accurate. Manage appointment bookings submitted by customers."
"HC_F_Appointments","/Custom-Appointments","tbl_custom_appointments","Manage appointment bookings submitted by customers.","DELETE","/API/HARRY-CLINTON/Custom-Appointments","Delete/disable record","Useful for removing inactive data from active flows while maintaining data hygiene. Manage appointment bookings submitted by customers."
"I_ Shipping_&_Delivery","/Courier-Partners","tbl_courier_partners","Manage courier providers and their operational profile data.","GET","/API/HARRY-CLINTON/Courier-Partners","View records list","Useful for listing and browsing records in admin/customer interfaces. Manage courier providers and their operational profile data."
"I_ Shipping_&_Delivery","/Courier-Partners","tbl_courier_partners","Manage courier providers and their operational profile data.","GET","/API/HARRY-CLINTON/Courier-Partners/:id","View one record","Useful for opening one specific record in detail view screens. Manage courier providers and their operational profile data."
"I_ Shipping_&_Delivery","/Courier-Partners","tbl_courier_partners","Manage courier providers and their operational profile data.","POST","/API/HARRY-CLINTON/Courier-Partners","Create new record","Useful when business users add new data needed for operations and customer experience. Manage courier providers and their operational profile data."
"I_ Shipping_&_Delivery","/Courier-Partners","tbl_courier_partners","Manage courier providers and their operational profile data.","PUT","/API/HARRY-CLINTON/Courier-Partners","Update existing record","Useful for correcting details, status changes, and keeping live data accurate. Manage courier providers and their operational profile data."
"I_ Shipping_&_Delivery","/Courier-Partners","tbl_courier_partners","Manage courier providers and their operational profile data.","DELETE","/API/HARRY-CLINTON/Courier-Partners","Delete/disable record","Useful for removing inactive data from active flows while maintaining data hygiene. Manage courier providers and their operational profile data."
"I_ Shipping_&_Delivery","/Shipment-Events","tbl_shipment_events","Track shipment movement events for customer tracking visibility.","GET","/API/HARRY-CLINTON/Shipment-Events","View records list","Useful for listing and browsing records in admin/customer interfaces. Track shipment movement events for customer tracking visibility."
"I_ Shipping_&_Delivery","/Shipment-Events","tbl_shipment_events","Track shipment movement events for customer tracking visibility.","GET","/API/HARRY-CLINTON/Shipment-Events/:id","View one record","Useful for opening one specific record in detail view screens. Track shipment movement events for customer tracking visibility."
"I_ Shipping_&_Delivery","/Shipment-Events","tbl_shipment_events","Track shipment movement events for customer tracking visibility.","POST","/API/HARRY-CLINTON/Shipment-Events","Create new record","Useful when business users add new data needed for operations and customer experience. Track shipment movement events for customer tracking visibility."
"I_ Shipping_&_Delivery","/Shipment-Events","tbl_shipment_events","Track shipment movement events for customer tracking visibility.","PUT","/API/HARRY-CLINTON/Shipment-Events","Update existing record","Useful for correcting details, status changes, and keeping live data accurate. Track shipment movement events for customer tracking visibility."
"I_ Shipping_&_Delivery","/Shipment-Events","tbl_shipment_events","Track shipment movement events for customer tracking visibility.","DELETE","/API/HARRY-CLINTON/Shipment-Events","Delete/disable record","Useful for removing inactive data from active flows while maintaining data hygiene. Track shipment movement events for customer tracking visibility."
"I_ Shipping_&_Delivery","/Shipments","tbl_shipments","Manage shipment records linked to orders and couriers.","GET","/API/HARRY-CLINTON/Shipments","View records list","Useful for listing and browsing records in admin/customer interfaces. Manage shipment records linked to orders and couriers."
"I_ Shipping_&_Delivery","/Shipments","tbl_shipments","Manage shipment records linked to orders and couriers.","GET","/API/HARRY-CLINTON/Shipments/:id","View one record","Useful for opening one specific record in detail view screens. Manage shipment records linked to orders and couriers."
"I_ Shipping_&_Delivery","/Shipments","tbl_shipments","Manage shipment records linked to orders and couriers.","POST","/API/HARRY-CLINTON/Shipments","Create new record","Useful when business users add new data needed for operations and customer experience. Manage shipment records linked to orders and couriers."
"I_ Shipping_&_Delivery","/Shipments","tbl_shipments","Manage shipment records linked to orders and couriers.","PUT","/API/HARRY-CLINTON/Shipments","Update existing record","Useful for correcting details, status changes, and keeping live data accurate. Manage shipment records linked to orders and couriers."
"I_ Shipping_&_Delivery","/Shipments","tbl_shipments","Manage shipment records linked to orders and couriers.","DELETE","/API/HARRY-CLINTON/Shipments","Delete/disable record","Useful for removing inactive data from active flows while maintaining data hygiene. Manage shipment records linked to orders and couriers."
"J_Returns_&_Refunds","/Refunds","tbl_refunds","Manage refund records linked to approved return/payment flows.","GET","/API/HARRY-CLINTON/Refunds","View records list","Useful for listing and browsing records in admin/customer interfaces. Manage refund records linked to approved return/payment flows."
"J_Returns_&_Refunds","/Refunds","tbl_refunds","Manage refund records linked to approved return/payment flows.","GET","/API/HARRY-CLINTON/Refunds/:id","View one record","Useful for opening one specific record in detail view screens. Manage refund records linked to approved return/payment flows."
"J_Returns_&_Refunds","/Refunds","tbl_refunds","Manage refund records linked to approved return/payment flows.","POST","/API/HARRY-CLINTON/Refunds","Create new record","Useful when business users add new data needed for operations and customer experience. Manage refund records linked to approved return/payment flows."
"J_Returns_&_Refunds","/Refunds","tbl_refunds","Manage refund records linked to approved return/payment flows.","PUT","/API/HARRY-CLINTON/Refunds","Update existing record","Useful for correcting details, status changes, and keeping live data accurate. Manage refund records linked to approved return/payment flows."
"J_Returns_&_Refunds","/Refunds","tbl_refunds","Manage refund records linked to approved return/payment flows.","DELETE","/API/HARRY-CLINTON/Refunds","Delete/disable record","Useful for removing inactive data from active flows while maintaining data hygiene. Manage refund records linked to approved return/payment flows."
"J_Returns_&_Refunds","/Returns","tbl_returns","Manage customer return requests and their processing state.","GET","/API/HARRY-CLINTON/Returns","View records list","Useful for listing and browsing records in admin/customer interfaces. Manage customer return requests and their processing state."
"J_Returns_&_Refunds","/Returns","tbl_returns","Manage customer return requests and their processing state.","GET","/API/HARRY-CLINTON/Returns/:id","View one record","Useful for opening one specific record in detail view screens. Manage customer return requests and their processing state."
"J_Returns_&_Refunds","/Returns","tbl_returns","Manage customer return requests and their processing state.","POST","/API/HARRY-CLINTON/Returns","Create new record","Useful when business users add new data needed for operations and customer experience. Manage customer return requests and their processing state."
"J_Returns_&_Refunds","/Returns","tbl_returns","Manage customer return requests and their processing state.","PUT","/API/HARRY-CLINTON/Returns","Update existing record","Useful for correcting details, status changes, and keeping live data accurate. Manage customer return requests and their processing state."
"J_Returns_&_Refunds","/Returns","tbl_returns","Manage customer return requests and their processing state.","DELETE","/API/HARRY-CLINTON/Returns","Delete/disable record","Useful for removing inactive data from active flows while maintaining data hygiene. Manage customer return requests and their processing state."
"K_Support_Content_&_System_Configuration","/FAQs","tbl_faqs","Manage frequently asked questions displayed on help pages.","GET","/API/HARRY-CLINTON/FAQs","View records list","Useful for listing and browsing records in admin/customer interfaces. Manage frequently asked questions displayed on help pages."
"K_Support_Content_&_System_Configuration","/FAQs","tbl_faqs","Manage frequently asked questions displayed on help pages.","GET","/API/HARRY-CLINTON/FAQs/:id","View one record","Useful for opening one specific record in detail view screens. Manage frequently asked questions displayed on help pages."
"K_Support_Content_&_System_Configuration","/FAQs","tbl_faqs","Manage frequently asked questions displayed on help pages.","POST","/API/HARRY-CLINTON/FAQs","Create new record","Useful when business users add new data needed for operations and customer experience. Manage frequently asked questions displayed on help pages."
"K_Support_Content_&_System_Configuration","/FAQs","tbl_faqs","Manage frequently asked questions displayed on help pages.","PUT","/API/HARRY-CLINTON/FAQs","Update existing record","Useful for correcting details, status changes, and keeping live data accurate. Manage frequently asked questions displayed on help pages."
"K_Support_Content_&_System_Configuration","/FAQs","tbl_faqs","Manage frequently asked questions displayed on help pages.","DELETE","/API/HARRY-CLINTON/FAQs","Delete/disable record","Useful for removing inactive data from active flows while maintaining data hygiene. Manage frequently asked questions displayed on help pages."
"K_Support_Content_&_System_Configuration","/Legal-Page-Headers","tbl_legal_page_header","Manage legal page header content such as page title and intro metadata.","GET","/API/HARRY-CLINTON/Legal-Page-Headers","View records list","Useful for listing and browsing records in admin/customer interfaces. Manage legal page header content such as page title and intro metadata."
"K_Support_Content_&_System_Configuration","/Legal-Page-Headers","tbl_legal_page_header","Manage legal page header content such as page title and intro metadata.","GET","/API/HARRY-CLINTON/Legal-Page-Headers/:id","View one record","Useful for opening one specific record in detail view screens. Manage legal page header content such as page title and intro metadata."
"K_Support_Content_&_System_Configuration","/Legal-Page-Headers","tbl_legal_page_header","Manage legal page header content such as page title and intro metadata.","POST","/API/HARRY-CLINTON/Legal-Page-Headers","Create new record","Useful when business users add new data needed for operations and customer experience. Manage legal page header content such as page title and intro metadata."
"K_Support_Content_&_System_Configuration","/Legal-Page-Headers","tbl_legal_page_header","Manage legal page header content such as page title and intro metadata.","PUT","/API/HARRY-CLINTON/Legal-Page-Headers","Update existing record","Useful for correcting details, status changes, and keeping live data accurate. Manage legal page header content such as page title and intro metadata."
"K_Support_Content_&_System_Configuration","/Legal-Page-Headers","tbl_legal_page_header","Manage legal page header content such as page title and intro metadata.","DELETE","/API/HARRY-CLINTON/Legal-Page-Headers","Delete/disable record","Useful for removing inactive data from active flows while maintaining data hygiene. Manage legal page header content such as page title and intro metadata."
"K_Support_Content_&_System_Configuration","/Legal-Page-Sections","tbl_legal_page_sections","Manage legal content sections displayed on policy/terms pages.","GET","/API/HARRY-CLINTON/Legal-Page-Sections","View records list","Useful for listing and browsing records in admin/customer interfaces. Manage legal content sections displayed on policy/terms pages."
"K_Support_Content_&_System_Configuration","/Legal-Page-Sections","tbl_legal_page_sections","Manage legal content sections displayed on policy/terms pages.","GET","/API/HARRY-CLINTON/Legal-Page-Sections/:id","View one record","Useful for opening one specific record in detail view screens. Manage legal content sections displayed on policy/terms pages."
"K_Support_Content_&_System_Configuration","/Legal-Page-Sections","tbl_legal_page_sections","Manage legal content sections displayed on policy/terms pages.","POST","/API/HARRY-CLINTON/Legal-Page-Sections","Create new record","Useful when business users add new data needed for operations and customer experience. Manage legal content sections displayed on policy/terms pages."
"K_Support_Content_&_System_Configuration","/Legal-Page-Sections","tbl_legal_page_sections","Manage legal content sections displayed on policy/terms pages.","PUT","/API/HARRY-CLINTON/Legal-Page-Sections","Update existing record","Useful for correcting details, status changes, and keeping live data accurate. Manage legal content sections displayed on policy/terms pages."
"K_Support_Content_&_System_Configuration","/Legal-Page-Sections","tbl_legal_page_sections","Manage legal content sections displayed on policy/terms pages.","DELETE","/API/HARRY-CLINTON/Legal-Page-Sections","Delete/disable record","Useful for removing inactive data from active flows while maintaining data hygiene. Manage legal content sections displayed on policy/terms pages."
"K_Support_Content_&_System_Configuration","/Newsletter-Subscriptions","tbl_newsletter_subscriptions","Manage newsletter opt-ins and audience records.","GET","/API/HARRY-CLINTON/Newsletter-Subscriptions","View records list","Useful for listing and browsing records in admin/customer interfaces. Manage newsletter opt-ins and audience records."
"K_Support_Content_&_System_Configuration","/Newsletter-Subscriptions","tbl_newsletter_subscriptions","Manage newsletter opt-ins and audience records.","GET","/API/HARRY-CLINTON/Newsletter-Subscriptions/:id","View one record","Useful for opening one specific record in detail view screens. Manage newsletter opt-ins and audience records."
"K_Support_Content_&_System_Configuration","/Newsletter-Subscriptions","tbl_newsletter_subscriptions","Manage newsletter opt-ins and audience records.","POST","/API/HARRY-CLINTON/Newsletter-Subscriptions","Create new record","Useful when business users add new data needed for operations and customer experience. Manage newsletter opt-ins and audience records."
"K_Support_Content_&_System_Configuration","/Newsletter-Subscriptions","tbl_newsletter_subscriptions","Manage newsletter opt-ins and audience records.","PUT","/API/HARRY-CLINTON/Newsletter-Subscriptions","Update existing record","Useful for correcting details, status changes, and keeping live data accurate. Manage newsletter opt-ins and audience records."
"K_Support_Content_&_System_Configuration","/Newsletter-Subscriptions","tbl_newsletter_subscriptions","Manage newsletter opt-ins and audience records.","DELETE","/API/HARRY-CLINTON/Newsletter-Subscriptions","Delete/disable record","Useful for removing inactive data from active flows while maintaining data hygiene. Manage newsletter opt-ins and audience records."
"K_Support_Content_&_System_Configuration","/Settings","tbl_settings","Manage system-level configuration values used by business flows.","GET","/API/HARRY-CLINTON/Settings","View records list","Useful for listing and browsing records in admin/customer interfaces. Manage system-level configuration values used by business flows."
"K_Support_Content_&_System_Configuration","/Settings","tbl_settings","Manage system-level configuration values used by business flows.","GET","/API/HARRY-CLINTON/Settings/:id","View one record","Useful for opening one specific record in detail view screens. Manage system-level configuration values used by business flows."
"K_Support_Content_&_System_Configuration","/Settings","tbl_settings","Manage system-level configuration values used by business flows.","POST","/API/HARRY-CLINTON/Settings","Create new record","Useful when business users add new data needed for operations and customer experience. Manage system-level configuration values used by business flows."
"K_Support_Content_&_System_Configuration","/Settings","tbl_settings","Manage system-level configuration values used by business flows.","PUT","/API/HARRY-CLINTON/Settings","Update existing record","Useful for correcting details, status changes, and keeping live data accurate. Manage system-level configuration values used by business flows."
"K_Support_Content_&_System_Configuration","/Settings","tbl_settings","Manage system-level configuration values used by business flows.","DELETE","/API/HARRY-CLINTON/Settings","Delete/disable record","Useful for removing inactive data from active flows while maintaining data hygiene. Manage system-level configuration values used by business flows."
"K_Support_Content_&_System_Configuration","/Support-Contacts","tbl_support_contacts","Manage support channels shown to customers.","GET","/API/HARRY-CLINTON/Support-Contacts","View records list","Useful for listing and browsing records in admin/customer interfaces. Manage support channels shown to customers."
"K_Support_Content_&_System_Configuration","/Support-Contacts","tbl_support_contacts","Manage support channels shown to customers.","GET","/API/HARRY-CLINTON/Support-Contacts/:id","View one record","Useful for opening one specific record in detail view screens. Manage support channels shown to customers."
"K_Support_Content_&_System_Configuration","/Support-Contacts","tbl_support_contacts","Manage support channels shown to customers.","POST","/API/HARRY-CLINTON/Support-Contacts","Create new record","Useful when business users add new data needed for operations and customer experience. Manage support channels shown to customers."
"K_Support_Content_&_System_Configuration","/Support-Contacts","tbl_support_contacts","Manage support channels shown to customers.","PUT","/API/HARRY-CLINTON/Support-Contacts","Update existing record","Useful for correcting details, status changes, and keeping live data accurate. Manage support channels shown to customers."
"K_Support_Content_&_System_Configuration","/Support-Contacts","tbl_support_contacts","Manage support channels shown to customers.","DELETE","/API/HARRY-CLINTON/Support-Contacts","Delete/disable record","Useful for removing inactive data from active flows while maintaining data hygiene. Manage support channels shown to customers."
"L_Ratings_&_Reviews","/Product-Rating-Summary","tbl_product_rating_summary","Store aggregate rating values for product-level display.","GET","/API/HARRY-CLINTON/Product-Rating-Summary","View records list","Useful for listing and browsing records in admin/customer interfaces. Store aggregate rating values for product-level display."
"L_Ratings_&_Reviews","/Product-Rating-Summary","tbl_product_rating_summary","Store aggregate rating values for product-level display.","GET","/API/HARRY-CLINTON/Product-Rating-Summary/:id","View one record","Useful for opening one specific record in detail view screens. Store aggregate rating values for product-level display."
"L_Ratings_&_Reviews","/Product-Rating-Summary","tbl_product_rating_summary","Store aggregate rating values for product-level display.","POST","/API/HARRY-CLINTON/Product-Rating-Summary","Create new record","Useful when business users add new data needed for operations and customer experience. Store aggregate rating values for product-level display."
"L_Ratings_&_Reviews","/Product-Rating-Summary","tbl_product_rating_summary","Store aggregate rating values for product-level display.","PUT","/API/HARRY-CLINTON/Product-Rating-Summary","Update existing record","Useful for correcting details, status changes, and keeping live data accurate. Store aggregate rating values for product-level display."
"L_Ratings_&_Reviews","/Product-Rating-Summary","tbl_product_rating_summary","Store aggregate rating values for product-level display.","DELETE","/API/HARRY-CLINTON/Product-Rating-Summary","Delete/disable record","Useful for removing inactive data from active flows while maintaining data hygiene. Store aggregate rating values for product-level display."
"L_Ratings_&_Reviews","/Review-Media","tbl_review_media","Manage photos/videos attached to customer reviews.","GET","/API/HARRY-CLINTON/Review-Media","View records list","Useful for listing and browsing records in admin/customer interfaces. Manage photos/videos attached to customer reviews."
"L_Ratings_&_Reviews","/Review-Media","tbl_review_media","Manage photos/videos attached to customer reviews.","GET","/API/HARRY-CLINTON/Review-Media/:id","View one record","Useful for opening one specific record in detail view screens. Manage photos/videos attached to customer reviews."
"L_Ratings_&_Reviews","/Review-Media","tbl_review_media","Manage photos/videos attached to customer reviews.","POST","/API/HARRY-CLINTON/Review-Media","Create new record","Useful when business users add new data needed for operations and customer experience. Manage photos/videos attached to customer reviews."
"L_Ratings_&_Reviews","/Review-Media","tbl_review_media","Manage photos/videos attached to customer reviews.","PUT","/API/HARRY-CLINTON/Review-Media","Update existing record","Useful for correcting details, status changes, and keeping live data accurate. Manage photos/videos attached to customer reviews."
"L_Ratings_&_Reviews","/Review-Media","tbl_review_media","Manage photos/videos attached to customer reviews.","DELETE","/API/HARRY-CLINTON/Review-Media","Delete/disable record","Useful for removing inactive data from active flows while maintaining data hygiene. Manage photos/videos attached to customer reviews."
"L_Ratings_&_Reviews","/Reviews","tbl_product_reviews","Manage customer product reviews and moderation state.","GET","/API/HARRY-CLINTON/Reviews","View records list","Useful for listing and browsing records in admin/customer interfaces. Manage customer product reviews and moderation state."
"L_Ratings_&_Reviews","/Reviews","tbl_product_reviews","Manage customer product reviews and moderation state.","GET","/API/HARRY-CLINTON/Reviews/:id","View one record","Useful for opening one specific record in detail view screens. Manage customer product reviews and moderation state."
"L_Ratings_&_Reviews","/Reviews","tbl_product_reviews","Manage customer product reviews and moderation state.","POST","/API/HARRY-CLINTON/Reviews","Create new record","Useful when business users add new data needed for operations and customer experience. Manage customer product reviews and moderation state."
"L_Ratings_&_Reviews","/Reviews","tbl_product_reviews","Manage customer product reviews and moderation state.","PUT","/API/HARRY-CLINTON/Reviews","Update existing record","Useful for correcting details, status changes, and keeping live data accurate. Manage customer product reviews and moderation state."
"L_Ratings_&_Reviews","/Reviews","tbl_product_reviews","Manage customer product reviews and moderation state.","DELETE","/API/HARRY-CLINTON/Reviews","Delete/disable record","Useful for removing inactive data from active flows while maintaining data hygiene. Manage customer product reviews and moderation state."
"L_Ratings_&_Reviews","/Review-Votes","tbl_review_votes","Track helpfulness votes on reviews.","GET","/API/HARRY-CLINTON/Review-Votes","View records list","Useful for listing and browsing records in admin/customer interfaces. Track helpfulness votes on reviews."
"L_Ratings_&_Reviews","/Review-Votes","tbl_review_votes","Track helpfulness votes on reviews.","GET","/API/HARRY-CLINTON/Review-Votes/:id","View one record","Useful for opening one specific record in detail view screens. Track helpfulness votes on reviews."
"L_Ratings_&_Reviews","/Review-Votes","tbl_review_votes","Track helpfulness votes on reviews.","POST","/API/HARRY-CLINTON/Review-Votes","Create new record","Useful when business users add new data needed for operations and customer experience. Track helpfulness votes on reviews."
"L_Ratings_&_Reviews","/Review-Votes","tbl_review_votes","Track helpfulness votes on reviews.","PUT","/API/HARRY-CLINTON/Review-Votes","Update existing record","Useful for correcting details, status changes, and keeping live data accurate. Track helpfulness votes on reviews."
"L_Ratings_&_Reviews","/Review-Votes","tbl_review_votes","Track helpfulness votes on reviews.","DELETE","/API/HARRY-CLINTON/Review-Votes","Delete/disable record","Useful for removing inactive data from active flows while maintaining data hygiene. Track helpfulness votes on reviews."
"L_Ratings_&_Reviews","/Variant-Rating-Summary","tbl_variant_rating_summary","Store aggregate rating values for variant-level display.","GET","/API/HARRY-CLINTON/Variant-Rating-Summary","View records list","Useful for listing and browsing records in admin/customer interfaces. Store aggregate rating values for variant-level display."
"L_Ratings_&_Reviews","/Variant-Rating-Summary","tbl_variant_rating_summary","Store aggregate rating values for variant-level display.","GET","/API/HARRY-CLINTON/Variant-Rating-Summary/:id","View one record","Useful for opening one specific record in detail view screens. Store aggregate rating values for variant-level display."
"L_Ratings_&_Reviews","/Variant-Rating-Summary","tbl_variant_rating_summary","Store aggregate rating values for variant-level display.","POST","/API/HARRY-CLINTON/Variant-Rating-Summary","Create new record","Useful when business users add new data needed for operations and customer experience. Store aggregate rating values for variant-level display."
"L_Ratings_&_Reviews","/Variant-Rating-Summary","tbl_variant_rating_summary","Store aggregate rating values for variant-level display.","PUT","/API/HARRY-CLINTON/Variant-Rating-Summary","Update existing record","Useful for correcting details, status changes, and keeping live data accurate. Store aggregate rating values for variant-level display."
"L_Ratings_&_Reviews","/Variant-Rating-Summary","tbl_variant_rating_summary","Store aggregate rating values for variant-level display.","DELETE","/API/HARRY-CLINTON/Variant-Rating-Summary","Delete/disable record","Useful for removing inactive data from active flows while maintaining data hygiene. Store aggregate rating values for variant-level display."
