"ModuleGroup","ModuleMount","RouteFile","Crud5Complete","HttpMethod","Endpoint","PayloadContract","ResponseTypes","Notes"
"A_Auth_Mail_FileUpload","/Auth","routes/HARRY_CLINTON/A_Auth_Mail_FileUpload/Auth.js","No","POST","/API/HARRY-CLINTON/Auth/Register","application/json body (module-specific fields)","200 success; 400/405 validation; 404 not found; 409 conflict (some modules); 500 server error","Generated from route files only"
"A_Auth_Mail_FileUpload","/Auth","routes/HARRY_CLINTON/A_Auth_Mail_FileUpload/Auth.js","No","POST","/API/HARRY-CLINTON/Auth/Password-Login","application/json body (module-specific fields)","200 success; 400/405 validation; 404 not found; 409 conflict (some modules); 500 server error","Generated from route files only"
"A_Auth_Mail_FileUpload","/Auth","routes/HARRY_CLINTON/A_Auth_Mail_FileUpload/Auth.js","No","POST","/API/HARRY-CLINTON/Auth/OTP-Login","application/json body (module-specific fields)","200 success; 400/405 validation; 404 not found; 409 conflict (some modules); 500 server error","Generated from route files only"
"A_Auth_Mail_FileUpload","/Auth","routes/HARRY_CLINTON/A_Auth_Mail_FileUpload/Auth.js","No","POST","/API/HARRY-CLINTON/Auth/Verify-Login-OTP","application/json body (module-specific fields)","200 success; 400/405 validation; 404 not found; 409 conflict (some modules); 500 server error","Generated from route files only"
"A_Auth_Mail_FileUpload","/Auth","routes/HARRY_CLINTON/A_Auth_Mail_FileUpload/Auth.js","No","POST","/API/HARRY-CLINTON/Auth/Forgot-Password","application/json body (module-specific fields)","200 success; 400/405 validation; 404 not found; 409 conflict (some modules); 500 server error","Generated from route files only"
"A_Auth_Mail_FileUpload","/Auth","routes/HARRY_CLINTON/A_Auth_Mail_FileUpload/Auth.js","No","POST","/API/HARRY-CLINTON/Auth/Reset-Password","application/json body (module-specific fields)","200 success; 400/405 validation; 404 not found; 409 conflict (some modules); 500 server error","Generated from route files only"
"A_Auth_Mail_FileUpload","/Auth","routes/HARRY_CLINTON/A_Auth_Mail_FileUpload/Auth.js","No","POST","/API/HARRY-CLINTON/Auth/Forgot-Password-Confirm","application/json body (module-specific fields)","200 success; 400/405 validation; 404 not found; 409 conflict (some modules); 500 server error","Generated from route files only"
"A_Auth_Mail_FileUpload","/FileUpload","routes/HARRY_CLINTON/A_Auth_Mail_FileUpload/FileUpload.js","No","POST","/API/HARRY-CLINTON/FileUpload","application/json body (module-specific fields)","200 success; 400/405 validation; 404 not found; 409 conflict (some modules); 500 server error","Generated from route files only"
"A_Auth_Mail_FileUpload","/Mail","routes/HARRY_CLINTON/A_Auth_Mail_FileUpload/Mail.js","No","POST","/API/HARRY-CLINTON/Mail/SendMail","application/json body (module-specific fields)","200 success; 400/405 validation; 404 not found; 409 conflict (some modules); 500 server error","Generated from route files only"
"A_Auth_Mail_FileUpload","/Mail","routes/HARRY_CLINTON/A_Auth_Mail_FileUpload/Mail.js","No","POST","/API/HARRY-CLINTON/Mail/SendOTPEmail","application/json body (module-specific fields)","200 success; 400/405 validation; 404 not found; 409 conflict (some modules); 500 server error","Generated from route files only"
"A_User_Access_Management","/Roles","routes/HARRY_CLINTON/A_User_Access_Management/Roles.js","Yes","GET","/API/HARRY-CLINTON/Roles","path/query params as applicable","200 success; 400/405 validation; 404 not found; 409 conflict (some modules); 500 server error","Generated from route files only"
"A_User_Access_Management","/Roles","routes/HARRY_CLINTON/A_User_Access_Management/Roles.js","Yes","GET","/API/HARRY-CLINTON/Roles/:id","path/query params as applicable","200 success; 400/405 validation; 404 not found; 409 conflict (some modules); 500 server error","Generated from route files only"
"A_User_Access_Management","/Roles","routes/HARRY_CLINTON/A_User_Access_Management/Roles.js","Yes","POST","/API/HARRY-CLINTON/Roles","application/json body (module-specific fields)","200 success; 400/405 validation; 404 not found; 409 conflict (some modules); 500 server error","Generated from route files only"
"A_User_Access_Management","/Roles","routes/HARRY_CLINTON/A_User_Access_Management/Roles.js","Yes","PUT","/API/HARRY-CLINTON/Roles","application/json body (module-specific fields)","200 success; 400/405 validation; 404 not found; 409 conflict (some modules); 500 server error","Generated from route files only"
"A_User_Access_Management","/Roles","routes/HARRY_CLINTON/A_User_Access_Management/Roles.js","Yes","DELETE","/API/HARRY-CLINTON/Roles","application/json body (module-specific fields)","200 success; 400/405 validation; 404 not found; 409 conflict (some modules); 500 server error","Generated from route files only"
"A_User_Access_Management","/User-Roles","routes/HARRY_CLINTON/A_User_Access_Management/UserRoles.js","Yes","GET","/API/HARRY-CLINTON/User-Roles","path/query params as applicable","200 success; 400/405 validation; 404 not found; 409 conflict (some modules); 500 server error","Generated from route files only"
"A_User_Access_Management","/User-Roles","routes/HARRY_CLINTON/A_User_Access_Management/UserRoles.js","Yes","GET","/API/HARRY-CLINTON/User-Roles/:id","path/query params as applicable","200 success; 400/405 validation; 404 not found; 409 conflict (some modules); 500 server error","Generated from route files only"
"A_User_Access_Management","/User-Roles","routes/HARRY_CLINTON/A_User_Access_Management/UserRoles.js","Yes","GET","/API/HARRY-CLINTON/User-Roles/user/:user_id","path/query params as applicable","200 success; 400/405 validation; 404 not found; 409 conflict (some modules); 500 server error","Generated from route files only"
"A_User_Access_Management","/User-Roles","routes/HARRY_CLINTON/A_User_Access_Management/UserRoles.js","Yes","POST","/API/HARRY-CLINTON/User-Roles","application/json body (module-specific fields)","200 success; 400/405 validation; 404 not found; 409 conflict (some modules); 500 server error","Generated from route files only"
"A_User_Access_Management","/User-Roles","routes/HARRY_CLINTON/A_User_Access_Management/UserRoles.js","Yes","PUT","/API/HARRY-CLINTON/User-Roles","application/json body (module-specific fields)","200 success; 400/405 validation; 404 not found; 409 conflict (some modules); 500 server error","Generated from route files only"
"A_User_Access_Management","/User-Roles","routes/HARRY_CLINTON/A_User_Access_Management/UserRoles.js","Yes","DELETE","/API/HARRY-CLINTON/User-Roles","application/json body (module-specific fields)","200 success; 400/405 validation; 404 not found; 409 conflict (some modules); 500 server error","Generated from route files only"
"A_User_Access_Management","/User-Roles","routes/HARRY_CLINTON/A_User_Access_Management/UserRoles.js","Yes","POST","/API/HARRY-CLINTON/User-Roles/add","application/json body (module-specific fields)","200 success; 400/405 validation; 404 not found; 409 conflict (some modules); 500 server error","Generated from route files only"
"A_User_Access_Management","/User-Roles","routes/HARRY_CLINTON/A_User_Access_Management/UserRoles.js","Yes","DELETE","/API/HARRY-CLINTON/User-Roles/remove","application/json body (module-specific fields)","200 success; 400/405 validation; 404 not found; 409 conflict (some modules); 500 server error","Generated from route files only"
"A_User_Access_Management","/Users","routes/HARRY_CLINTON/A_User_Access_Management/User.js","Yes","GET","/API/HARRY-CLINTON/Users","path/query params as applicable","200 success; 400/405 validation; 404 not found; 409 conflict (some modules); 500 server error","Generated from route files only"
"A_User_Access_Management","/Users","routes/HARRY_CLINTON/A_User_Access_Management/User.js","Yes","GET","/API/HARRY-CLINTON/Users/:id","path/query params as applicable","200 success; 400/405 validation; 404 not found; 409 conflict (some modules); 500 server error","Generated from route files only"
"A_User_Access_Management","/Users","routes/HARRY_CLINTON/A_User_Access_Management/User.js","Yes","POST","/API/HARRY-CLINTON/Users","application/json body (module-specific fields)","200 success; 400/405 validation; 404 not found; 409 conflict (some modules); 500 server error","Generated from route files only"
"A_User_Access_Management","/Users","routes/HARRY_CLINTON/A_User_Access_Management/User.js","Yes","PUT","/API/HARRY-CLINTON/Users","application/json body (module-specific fields)","200 success; 400/405 validation; 404 not found; 409 conflict (some modules); 500 server error","Generated from route files only"
"A_User_Access_Management","/Users","routes/HARRY_CLINTON/A_User_Access_Management/User.js","Yes","DELETE","/API/HARRY-CLINTON/Users","application/json body (module-specific fields)","200 success; 400/405 validation; 404 not found; 409 conflict (some modules); 500 server error","Generated from route files only"
"B_Customer_Management","/Addresses","routes/HARRY_CLINTON/B_Customer_Management/Addresses.js","Yes","GET","/API/HARRY-CLINTON/Addresses","path/query params as applicable","200 success; 400/405 validation; 404 not found; 409 conflict (some modules); 500 server error","Generated from route files only"
"B_Customer_Management","/Addresses","routes/HARRY_CLINTON/B_Customer_Management/Addresses.js","Yes","GET","/API/HARRY-CLINTON/Addresses/:id","path/query params as applicable","200 success; 400/405 validation; 404 not found; 409 conflict (some modules); 500 server error","Generated from route files only"
"B_Customer_Management","/Addresses","routes/HARRY_CLINTON/B_Customer_Management/Addresses.js","Yes","POST","/API/HARRY-CLINTON/Addresses","application/json body (module-specific fields)","200 success; 400/405 validation; 404 not found; 409 conflict (some modules); 500 server error","Generated from route files only"
"B_Customer_Management","/Addresses","routes/HARRY_CLINTON/B_Customer_Management/Addresses.js","Yes","PUT","/API/HARRY-CLINTON/Addresses","application/json body (module-specific fields)","200 success; 400/405 validation; 404 not found; 409 conflict (some modules); 500 server error","Generated from route files only"
"B_Customer_Management","/Addresses","routes/HARRY_CLINTON/B_Customer_Management/Addresses.js","Yes","DELETE","/API/HARRY-CLINTON/Addresses","application/json body (module-specific fields)","200 success; 400/405 validation; 404 not found; 409 conflict (some modules); 500 server error","Generated from route files only"
"B_Customer_Management","/Profiles","routes/HARRY_CLINTON/B_Customer_Management/Profiles.js","Yes","GET","/API/HARRY-CLINTON/Profiles","path/query params as applicable","200 success; 400/405 validation; 404 not found; 409 conflict (some modules); 500 server error","Generated from route files only"
"B_Customer_Management","/Profiles","routes/HARRY_CLINTON/B_Customer_Management/Profiles.js","Yes","GET","/API/HARRY-CLINTON/Profiles/:id","path/query params as applicable","200 success; 400/405 validation; 404 not found; 409 conflict (some modules); 500 server error","Generated from route files only"
"B_Customer_Management","/Profiles","routes/HARRY_CLINTON/B_Customer_Management/Profiles.js","Yes","POST","/API/HARRY-CLINTON/Profiles","application/json body (module-specific fields)","200 success; 400/405 validation; 404 not found; 409 conflict (some modules); 500 server error","Generated from route files only"
"B_Customer_Management","/Profiles","routes/HARRY_CLINTON/B_Customer_Management/Profiles.js","Yes","PUT","/API/HARRY-CLINTON/Profiles","application/json body (module-specific fields)","200 success; 400/405 validation; 404 not found; 409 conflict (some modules); 500 server error","Generated from route files only"
"B_Customer_Management","/Profiles","routes/HARRY_CLINTON/B_Customer_Management/Profiles.js","Yes","DELETE","/API/HARRY-CLINTON/Profiles","application/json body (module-specific fields)","200 success; 400/405 validation; 404 not found; 409 conflict (some modules); 500 server error","Generated from route files only"
"C_Product_Catalog_&_Configuration","/Products","routes/HARRY_CLINTON/C_Product_Catalog_&_Configuration/Products.js","Yes","GET","/API/HARRY-CLINTON/Products","path/query params as applicable","200 success; 400/405 validation; 404 not found; 409 conflict (some modules); 500 server error","Generated from route files only"
"C_Product_Catalog_&_Configuration","/Products","routes/HARRY_CLINTON/C_Product_Catalog_&_Configuration/Products.js","Yes","GET","/API/HARRY-CLINTON/Products/:id","path/query params as applicable","200 success; 400/405 validation; 404 not found; 409 conflict (some modules); 500 server error","Generated from route files only"
"C_Product_Catalog_&_Configuration","/Products","routes/HARRY_CLINTON/C_Product_Catalog_&_Configuration/Products.js","Yes","POST","/API/HARRY-CLINTON/Products","application/json body (module-specific fields)","200 success; 400/405 validation; 404 not found; 409 conflict (some modules); 500 server error","Generated from route files only"
"C_Product_Catalog_&_Configuration","/Products","routes/HARRY_CLINTON/C_Product_Catalog_&_Configuration/Products.js","Yes","PUT","/API/HARRY-CLINTON/Products","application/json body (module-specific fields)","200 success; 400/405 validation; 404 not found; 409 conflict (some modules); 500 server error","Generated from route files only"
"C_Product_Catalog_&_Configuration","/Products","routes/HARRY_CLINTON/C_Product_Catalog_&_Configuration/Products.js","Yes","DELETE","/API/HARRY-CLINTON/Products","application/json body (module-specific fields)","200 success; 400/405 validation; 404 not found; 409 conflict (some modules); 500 server error","Generated from route files only"
"C_Product_Catalog_&_Configuration","/Products-Attributes","routes/HARRY_CLINTON/C_Product_Catalog_&_Configuration/Products_Attributes.js","Yes","GET","/API/HARRY-CLINTON/Products-Attributes","path/query params as applicable","200 success; 400/405 validation; 404 not found; 409 conflict (some modules); 500 server error","Generated from route files only"
"C_Product_Catalog_&_Configuration","/Products-Attributes","routes/HARRY_CLINTON/C_Product_Catalog_&_Configuration/Products_Attributes.js","Yes","GET","/API/HARRY-CLINTON/Products-Attributes/:id","path/query params as applicable","200 success; 400/405 validation; 404 not found; 409 conflict (some modules); 500 server error","Generated from route files only"
"C_Product_Catalog_&_Configuration","/Products-Attributes","routes/HARRY_CLINTON/C_Product_Catalog_&_Configuration/Products_Attributes.js","Yes","POST","/API/HARRY-CLINTON/Products-Attributes","application/json body (module-specific fields)","200 success; 400/405 validation; 404 not found; 409 conflict (some modules); 500 server error","Generated from route files only"
"C_Product_Catalog_&_Configuration","/Products-Attributes","routes/HARRY_CLINTON/C_Product_Catalog_&_Configuration/Products_Attributes.js","Yes","PUT","/API/HARRY-CLINTON/Products-Attributes","application/json body (module-specific fields)","200 success; 400/405 validation; 404 not found; 409 conflict (some modules); 500 server error","Generated from route files only"
"C_Product_Catalog_&_Configuration","/Products-Attributes","routes/HARRY_CLINTON/C_Product_Catalog_&_Configuration/Products_Attributes.js","Yes","DELETE","/API/HARRY-CLINTON/Products-Attributes","application/json body (module-specific fields)","200 success; 400/405 validation; 404 not found; 409 conflict (some modules); 500 server error","Generated from route files only"
"C_Product_Catalog_&_Configuration","/Products-Attributes-Values","routes/HARRY_CLINTON/C_Product_Catalog_&_Configuration/Products_Attributes_Values.js","Yes","GET","/API/HARRY-CLINTON/Products-Attributes-Values","path/query params as applicable","200 success; 400/405 validation; 404 not found; 409 conflict (some modules); 500 server error","Generated from route files only"
"C_Product_Catalog_&_Configuration","/Products-Attributes-Values","routes/HARRY_CLINTON/C_Product_Catalog_&_Configuration/Products_Attributes_Values.js","Yes","GET","/API/HARRY-CLINTON/Products-Attributes-Values/:id","path/query params as applicable","200 success; 400/405 validation; 404 not found; 409 conflict (some modules); 500 server error","Generated from route files only"
"C_Product_Catalog_&_Configuration","/Products-Attributes-Values","routes/HARRY_CLINTON/C_Product_Catalog_&_Configuration/Products_Attributes_Values.js","Yes","POST","/API/HARRY-CLINTON/Products-Attributes-Values","application/json body (module-specific fields)","200 success; 400/405 validation; 404 not found; 409 conflict (some modules); 500 server error","Generated from route files only"
"C_Product_Catalog_&_Configuration","/Products-Attributes-Values","routes/HARRY_CLINTON/C_Product_Catalog_&_Configuration/Products_Attributes_Values.js","Yes","PUT","/API/HARRY-CLINTON/Products-Attributes-Values","application/json body (module-specific fields)","200 success; 400/405 validation; 404 not found; 409 conflict (some modules); 500 server error","Generated from route files only"
"C_Product_Catalog_&_Configuration","/Products-Attributes-Values","routes/HARRY_CLINTON/C_Product_Catalog_&_Configuration/Products_Attributes_Values.js","Yes","DELETE","/API/HARRY-CLINTON/Products-Attributes-Values","application/json body (module-specific fields)","200 success; 400/405 validation; 404 not found; 409 conflict (some modules); 500 server error","Generated from route files only"
"C_Product_Catalog_&_Configuration","/Products-Care-Instructions","routes/HARRY_CLINTON/C_Product_Catalog_&_Configuration/Products_Care_Instructions.js","Yes","GET","/API/HARRY-CLINTON/Products-Care-Instructions","path/query params as applicable","200 success; 400/405 validation; 404 not found; 409 conflict (some modules); 500 server error","Generated from route files only"
"C_Product_Catalog_&_Configuration","/Products-Care-Instructions","routes/HARRY_CLINTON/C_Product_Catalog_&_Configuration/Products_Care_Instructions.js","Yes","GET","/API/HARRY-CLINTON/Products-Care-Instructions/:id","path/query params as applicable","200 success; 400/405 validation; 404 not found; 409 conflict (some modules); 500 server error","Generated from route files only"
"C_Product_Catalog_&_Configuration","/Products-Care-Instructions","routes/HARRY_CLINTON/C_Product_Catalog_&_Configuration/Products_Care_Instructions.js","Yes","POST","/API/HARRY-CLINTON/Products-Care-Instructions","application/json body (module-specific fields)","200 success; 400/405 validation; 404 not found; 409 conflict (some modules); 500 server error","Generated from route files only"
"C_Product_Catalog_&_Configuration","/Products-Care-Instructions","routes/HARRY_CLINTON/C_Product_Catalog_&_Configuration/Products_Care_Instructions.js","Yes","PUT","/API/HARRY-CLINTON/Products-Care-Instructions","application/json body (module-specific fields)","200 success; 400/405 validation; 404 not found; 409 conflict (some modules); 500 server error","Generated from route files only"
"C_Product_Catalog_&_Configuration","/Products-Care-Instructions","routes/HARRY_CLINTON/C_Product_Catalog_&_Configuration/Products_Care_Instructions.js","Yes","DELETE","/API/HARRY-CLINTON/Products-Care-Instructions","application/json body (module-specific fields)","200 success; 400/405 validation; 404 not found; 409 conflict (some modules); 500 server error","Generated from route files only"
"C_Product_Catalog_&_Configuration","/Products-Cloth-Type-Care-Instructions","routes/HARRY_CLINTON/C_Product_Catalog_&_Configuration/Products_Cloth_Type_Care_Instructions.js","Yes","GET","/API/HARRY-CLINTON/Products-Cloth-Type-Care-Instructions","path/query params as applicable","200 success; 400/405 validation; 404 not found; 409 conflict (some modules); 500 server error","Generated from route files only"
"C_Product_Catalog_&_Configuration","/Products-Cloth-Type-Care-Instructions","routes/HARRY_CLINTON/C_Product_Catalog_&_Configuration/Products_Cloth_Type_Care_Instructions.js","Yes","GET","/API/HARRY-CLINTON/Products-Cloth-Type-Care-Instructions/:id","path/query params as applicable","200 success; 400/405 validation; 404 not found; 409 conflict (some modules); 500 server error","Generated from route files only"
"C_Product_Catalog_&_Configuration","/Products-Cloth-Type-Care-Instructions","routes/HARRY_CLINTON/C_Product_Catalog_&_Configuration/Products_Cloth_Type_Care_Instructions.js","Yes","POST","/API/HARRY-CLINTON/Products-Cloth-Type-Care-Instructions","application/json body (module-specific fields)","200 success; 400/405 validation; 404 not found; 409 conflict (some modules); 500 server error","Generated from route files only"
"C_Product_Catalog_&_Configuration","/Products-Cloth-Type-Care-Instructions","routes/HARRY_CLINTON/C_Product_Catalog_&_Configuration/Products_Cloth_Type_Care_Instructions.js","Yes","PUT","/API/HARRY-CLINTON/Products-Cloth-Type-Care-Instructions","application/json body (module-specific fields)","200 success; 400/405 validation; 404 not found; 409 conflict (some modules); 500 server error","Generated from route files only"
"C_Product_Catalog_&_Configuration","/Products-Cloth-Type-Care-Instructions","routes/HARRY_CLINTON/C_Product_Catalog_&_Configuration/Products_Cloth_Type_Care_Instructions.js","Yes","DELETE","/API/HARRY-CLINTON/Products-Cloth-Type-Care-Instructions","application/json body (module-specific fields)","200 success; 400/405 validation; 404 not found; 409 conflict (some modules); 500 server error","Generated from route files only"
"C_Product_Catalog_&_Configuration","/Products-Cloth-Types","routes/HARRY_CLINTON/C_Product_Catalog_&_Configuration/Products_Cloth_Types.js","Yes","GET","/API/HARRY-CLINTON/Products-Cloth-Types","path/query params as applicable","200 success; 400/405 validation; 404 not found; 409 conflict (some modules); 500 server error","Generated from route files only"
"C_Product_Catalog_&_Configuration","/Products-Cloth-Types","routes/HARRY_CLINTON/C_Product_Catalog_&_Configuration/Products_Cloth_Types.js","Yes","GET","/API/HARRY-CLINTON/Products-Cloth-Types/:id","path/query params as applicable","200 success; 400/405 validation; 404 not found; 409 conflict (some modules); 500 server error","Generated from route files only"
"C_Product_Catalog_&_Configuration","/Products-Cloth-Types","routes/HARRY_CLINTON/C_Product_Catalog_&_Configuration/Products_Cloth_Types.js","Yes","POST","/API/HARRY-CLINTON/Products-Cloth-Types","application/json body (module-specific fields)","200 success; 400/405 validation; 404 not found; 409 conflict (some modules); 500 server error","Generated from route files only"
"C_Product_Catalog_&_Configuration","/Products-Cloth-Types","routes/HARRY_CLINTON/C_Product_Catalog_&_Configuration/Products_Cloth_Types.js","Yes","PUT","/API/HARRY-CLINTON/Products-Cloth-Types","application/json body (module-specific fields)","200 success; 400/405 validation; 404 not found; 409 conflict (some modules); 500 server error","Generated from route files only"
"C_Product_Catalog_&_Configuration","/Products-Cloth-Types","routes/HARRY_CLINTON/C_Product_Catalog_&_Configuration/Products_Cloth_Types.js","Yes","DELETE","/API/HARRY-CLINTON/Products-Cloth-Types","application/json body (module-specific fields)","200 success; 400/405 validation; 404 not found; 409 conflict (some modules); 500 server error","Generated from route files only"
"C_Product_Catalog_&_Configuration","/Products-Media","routes/HARRY_CLINTON/C_Product_Catalog_&_Configuration/Products_Media.js","Yes","GET","/API/HARRY-CLINTON/Products-Media","path/query params as applicable","200 success; 400/405 validation; 404 not found; 409 conflict (some modules); 500 server error","Generated from route files only"
"C_Product_Catalog_&_Configuration","/Products-Media","routes/HARRY_CLINTON/C_Product_Catalog_&_Configuration/Products_Media.js","Yes","GET","/API/HARRY-CLINTON/Products-Media/:id","path/query params as applicable","200 success; 400/405 validation; 404 not found; 409 conflict (some modules); 500 server error","Generated from route files only"
"C_Product_Catalog_&_Configuration","/Products-Media","routes/HARRY_CLINTON/C_Product_Catalog_&_Configuration/Products_Media.js","Yes","POST","/API/HARRY-CLINTON/Products-Media","application/json body (module-specific fields)","200 success; 400/405 validation; 404 not found; 409 conflict (some modules); 500 server error","Generated from route files only"
"C_Product_Catalog_&_Configuration","/Products-Media","routes/HARRY_CLINTON/C_Product_Catalog_&_Configuration/Products_Media.js","Yes","PUT","/API/HARRY-CLINTON/Products-Media","application/json body (module-specific fields)","200 success; 400/405 validation; 404 not found; 409 conflict (some modules); 500 server error","Generated from route files only"
"C_Product_Catalog_&_Configuration","/Products-Media","routes/HARRY_CLINTON/C_Product_Catalog_&_Configuration/Products_Media.js","Yes","DELETE","/API/HARRY-CLINTON/Products-Media","application/json body (module-specific fields)","200 success; 400/405 validation; 404 not found; 409 conflict (some modules); 500 server error","Generated from route files only"
"C_Product_Catalog_&_Configuration","/Products-Seo","routes/HARRY_CLINTON/C_Product_Catalog_&_Configuration/Products_Seo.js","Yes","GET","/API/HARRY-CLINTON/Products-Seo","path/query params as applicable","200 success; 400/405 validation; 404 not found; 409 conflict (some modules); 500 server error","Generated from route files only"
"C_Product_Catalog_&_Configuration","/Products-Seo","routes/HARRY_CLINTON/C_Product_Catalog_&_Configuration/Products_Seo.js","Yes","GET","/API/HARRY-CLINTON/Products-Seo/:id","path/query params as applicable","200 success; 400/405 validation; 404 not found; 409 conflict (some modules); 500 server error","Generated from route files only"
"C_Product_Catalog_&_Configuration","/Products-Seo","routes/HARRY_CLINTON/C_Product_Catalog_&_Configuration/Products_Seo.js","Yes","POST","/API/HARRY-CLINTON/Products-Seo","application/json body (module-specific fields)","200 success; 400/405 validation; 404 not found; 409 conflict (some modules); 500 server error","Generated from route files only"
"C_Product_Catalog_&_Configuration","/Products-Seo","routes/HARRY_CLINTON/C_Product_Catalog_&_Configuration/Products_Seo.js","Yes","PUT","/API/HARRY-CLINTON/Products-Seo","application/json body (module-specific fields)","200 success; 400/405 validation; 404 not found; 409 conflict (some modules); 500 server error","Generated from route files only"
"C_Product_Catalog_&_Configuration","/Products-Seo","routes/HARRY_CLINTON/C_Product_Catalog_&_Configuration/Products_Seo.js","Yes","DELETE","/API/HARRY-CLINTON/Products-Seo","application/json body (module-specific fields)","200 success; 400/405 validation; 404 not found; 409 conflict (some modules); 500 server error","Generated from route files only"
"C_Product_Catalog_&_Configuration","/Products-Sizes","routes/HARRY_CLINTON/C_Product_Catalog_&_Configuration/Products_Sizes.js","Yes","GET","/API/HARRY-CLINTON/Products-Sizes","path/query params as applicable","200 success; 400/405 validation; 404 not found; 409 conflict (some modules); 500 server error","Generated from route files only"
"C_Product_Catalog_&_Configuration","/Products-Sizes","routes/HARRY_CLINTON/C_Product_Catalog_&_Configuration/Products_Sizes.js","Yes","GET","/API/HARRY-CLINTON/Products-Sizes/:id","path/query params as applicable","200 success; 400/405 validation; 404 not found; 409 conflict (some modules); 500 server error","Generated from route files only"
"C_Product_Catalog_&_Configuration","/Products-Sizes","routes/HARRY_CLINTON/C_Product_Catalog_&_Configuration/Products_Sizes.js","Yes","POST","/API/HARRY-CLINTON/Products-Sizes","application/json body (module-specific fields)","200 success; 400/405 validation; 404 not found; 409 conflict (some modules); 500 server error","Generated from route files only"
"C_Product_Catalog_&_Configuration","/Products-Sizes","routes/HARRY_CLINTON/C_Product_Catalog_&_Configuration/Products_Sizes.js","Yes","PUT","/API/HARRY-CLINTON/Products-Sizes","application/json body (module-specific fields)","200 success; 400/405 validation; 404 not found; 409 conflict (some modules); 500 server error","Generated from route files only"
"C_Product_Catalog_&_Configuration","/Products-Sizes","routes/HARRY_CLINTON/C_Product_Catalog_&_Configuration/Products_Sizes.js","Yes","DELETE","/API/HARRY-CLINTON/Products-Sizes","application/json body (module-specific fields)","200 success; 400/405 validation; 404 not found; 409 conflict (some modules); 500 server error","Generated from route files only"
"C_Product_Catalog_&_Configuration","/Products-Variants","routes/HARRY_CLINTON/C_Product_Catalog_&_Configuration/Products_Variants.js","Yes","GET","/API/HARRY-CLINTON/Products-Variants","path/query params as applicable","200 success; 400/405 validation; 404 not found; 409 conflict (some modules); 500 server error","Generated from route files only"
"C_Product_Catalog_&_Configuration","/Products-Variants","routes/HARRY_CLINTON/C_Product_Catalog_&_Configuration/Products_Variants.js","Yes","GET","/API/HARRY-CLINTON/Products-Variants/:id","path/query params as applicable","200 success; 400/405 validation; 404 not found; 409 conflict (some modules); 500 server error","Generated from route files only"
"C_Product_Catalog_&_Configuration","/Products-Variants","routes/HARRY_CLINTON/C_Product_Catalog_&_Configuration/Products_Variants.js","Yes","POST","/API/HARRY-CLINTON/Products-Variants","application/json body (module-specific fields)","200 success; 400/405 validation; 404 not found; 409 conflict (some modules); 500 server error","Generated from route files only"
"C_Product_Catalog_&_Configuration","/Products-Variants","routes/HARRY_CLINTON/C_Product_Catalog_&_Configuration/Products_Variants.js","Yes","PUT","/API/HARRY-CLINTON/Products-Variants","application/json body (module-specific fields)","200 success; 400/405 validation; 404 not found; 409 conflict (some modules); 500 server error","Generated from route files only"
"C_Product_Catalog_&_Configuration","/Products-Variants","routes/HARRY_CLINTON/C_Product_Catalog_&_Configuration/Products_Variants.js","Yes","DELETE","/API/HARRY-CLINTON/Products-Variants","application/json body (module-specific fields)","200 success; 400/405 validation; 404 not found; 409 conflict (some modules); 500 server error","Generated from route files only"
"D_Wishlist_Management","/Wishlist-Items","routes/HARRY_CLINTON/D_Wishlist_Management/Wishlist_Items.js","Yes","GET","/API/HARRY-CLINTON/Wishlist-Items","path/query params as applicable","200 success; 400/405 validation; 404 not found; 409 conflict (some modules); 500 server error","Generated from route files only"
"D_Wishlist_Management","/Wishlist-Items","routes/HARRY_CLINTON/D_Wishlist_Management/Wishlist_Items.js","Yes","GET","/API/HARRY-CLINTON/Wishlist-Items/:id","path/query params as applicable","200 success; 400/405 validation; 404 not found; 409 conflict (some modules); 500 server error","Generated from route files only"
"D_Wishlist_Management","/Wishlist-Items","routes/HARRY_CLINTON/D_Wishlist_Management/Wishlist_Items.js","Yes","POST","/API/HARRY-CLINTON/Wishlist-Items","application/json body (module-specific fields)","200 success; 400/405 validation; 404 not found; 409 conflict (some modules); 500 server error","Generated from route files only"
"D_Wishlist_Management","/Wishlist-Items","routes/HARRY_CLINTON/D_Wishlist_Management/Wishlist_Items.js","Yes","PUT","/API/HARRY-CLINTON/Wishlist-Items","application/json body (module-specific fields)","200 success; 400/405 validation; 404 not found; 409 conflict (some modules); 500 server error","Generated from route files only"
"D_Wishlist_Management","/Wishlist-Items","routes/HARRY_CLINTON/D_Wishlist_Management/Wishlist_Items.js","Yes","DELETE","/API/HARRY-CLINTON/Wishlist-Items","application/json body (module-specific fields)","200 success; 400/405 validation; 404 not found; 409 conflict (some modules); 500 server error","Generated from route files only"
"D_Wishlist_Management","/Wishlists","routes/HARRY_CLINTON/D_Wishlist_Management/Wishlists.js","Yes","GET","/API/HARRY-CLINTON/Wishlists","path/query params as applicable","200 success; 400/405 validation; 404 not found; 409 conflict (some modules); 500 server error","Generated from route files only"
"D_Wishlist_Management","/Wishlists","routes/HARRY_CLINTON/D_Wishlist_Management/Wishlists.js","Yes","GET","/API/HARRY-CLINTON/Wishlists/:id","path/query params as applicable","200 success; 400/405 validation; 404 not found; 409 conflict (some modules); 500 server error","Generated from route files only"
"D_Wishlist_Management","/Wishlists","routes/HARRY_CLINTON/D_Wishlist_Management/Wishlists.js","Yes","POST","/API/HARRY-CLINTON/Wishlists","application/json body (module-specific fields)","200 success; 400/405 validation; 404 not found; 409 conflict (some modules); 500 server error","Generated from route files only"
"D_Wishlist_Management","/Wishlists","routes/HARRY_CLINTON/D_Wishlist_Management/Wishlists.js","Yes","PUT","/API/HARRY-CLINTON/Wishlists","application/json body (module-specific fields)","200 success; 400/405 validation; 404 not found; 409 conflict (some modules); 500 server error","Generated from route files only"
"D_Wishlist_Management","/Wishlists","routes/HARRY_CLINTON/D_Wishlist_Management/Wishlists.js","Yes","DELETE","/API/HARRY-CLINTON/Wishlists","application/json body (module-specific fields)","200 success; 400/405 validation; 404 not found; 409 conflict (some modules); 500 server error","Generated from route files only"
"E_Cart_Management","/Cart-Items","routes/HARRY_CLINTON/E_Cart_Management/Cart_Items.js","Yes","GET","/API/HARRY-CLINTON/Cart-Items","path/query params as applicable","200 success; 400/405 validation; 404 not found; 409 conflict (some modules); 500 server error","Generated from route files only"
"E_Cart_Management","/Cart-Items","routes/HARRY_CLINTON/E_Cart_Management/Cart_Items.js","Yes","GET","/API/HARRY-CLINTON/Cart-Items/:id","path/query params as applicable","200 success; 400/405 validation; 404 not found; 409 conflict (some modules); 500 server error","Generated from route files only"
"E_Cart_Management","/Cart-Items","routes/HARRY_CLINTON/E_Cart_Management/Cart_Items.js","Yes","POST","/API/HARRY-CLINTON/Cart-Items","application/json body (module-specific fields)","200 success; 400/405 validation; 404 not found; 409 conflict (some modules); 500 server error","Generated from route files only"
"E_Cart_Management","/Cart-Items","routes/HARRY_CLINTON/E_Cart_Management/Cart_Items.js","Yes","PUT","/API/HARRY-CLINTON/Cart-Items","application/json body (module-specific fields)","200 success; 400/405 validation; 404 not found; 409 conflict (some modules); 500 server error","Generated from route files only"
"E_Cart_Management","/Cart-Items","routes/HARRY_CLINTON/E_Cart_Management/Cart_Items.js","Yes","DELETE","/API/HARRY-CLINTON/Cart-Items","application/json body (module-specific fields)","200 success; 400/405 validation; 404 not found; 409 conflict (some modules); 500 server error","Generated from route files only"
"E_Cart_Management","/Carts","routes/HARRY_CLINTON/E_Cart_Management/Carts.js","Yes","GET","/API/HARRY-CLINTON/Carts","path/query params as applicable","200 success; 400/405 validation; 404 not found; 409 conflict (some modules); 500 server error","Generated from route files only"
"E_Cart_Management","/Carts","routes/HARRY_CLINTON/E_Cart_Management/Carts.js","Yes","GET","/API/HARRY-CLINTON/Carts/:id","path/query params as applicable","200 success; 400/405 validation; 404 not found; 409 conflict (some modules); 500 server error","Generated from route files only"
"E_Cart_Management","/Carts","routes/HARRY_CLINTON/E_Cart_Management/Carts.js","Yes","POST","/API/HARRY-CLINTON/Carts","application/json body (module-specific fields)","200 success; 400/405 validation; 404 not found; 409 conflict (some modules); 500 server error","Generated from route files only"
"E_Cart_Management","/Carts","routes/HARRY_CLINTON/E_Cart_Management/Carts.js","Yes","PUT","/API/HARRY-CLINTON/Carts","application/json body (module-specific fields)","200 success; 400/405 validation; 404 not found; 409 conflict (some modules); 500 server error","Generated from route files only"
"E_Cart_Management","/Carts","routes/HARRY_CLINTON/E_Cart_Management/Carts.js","Yes","DELETE","/API/HARRY-CLINTON/Carts","application/json body (module-specific fields)","200 success; 400/405 validation; 404 not found; 409 conflict (some modules); 500 server error","Generated from route files only"
"F_Order_Management","/Invoices","routes/HARRY_CLINTON/F_Order_Management/Invoices.js","Yes","GET","/API/HARRY-CLINTON/Invoices","path/query params as applicable","200 success; 400/405 validation; 404 not found; 409 conflict (some modules); 500 server error","Generated from route files only"
"F_Order_Management","/Invoices","routes/HARRY_CLINTON/F_Order_Management/Invoices.js","Yes","GET","/API/HARRY-CLINTON/Invoices/:id","path/query params as applicable","200 success; 400/405 validation; 404 not found; 409 conflict (some modules); 500 server error","Generated from route files only"
"F_Order_Management","/Invoices","routes/HARRY_CLINTON/F_Order_Management/Invoices.js","Yes","POST","/API/HARRY-CLINTON/Invoices","application/json body (module-specific fields)","200 success; 400/405 validation; 404 not found; 409 conflict (some modules); 500 server error","Generated from route files only"
"F_Order_Management","/Invoices","routes/HARRY_CLINTON/F_Order_Management/Invoices.js","Yes","PUT","/API/HARRY-CLINTON/Invoices","application/json body (module-specific fields)","200 success; 400/405 validation; 404 not found; 409 conflict (some modules); 500 server error","Generated from route files only"
"F_Order_Management","/Invoices","routes/HARRY_CLINTON/F_Order_Management/Invoices.js","Yes","DELETE","/API/HARRY-CLINTON/Invoices","application/json body (module-specific fields)","200 success; 400/405 validation; 404 not found; 409 conflict (some modules); 500 server error","Generated from route files only"
"F_Order_Management","/Order-Addresses","routes/HARRY_CLINTON/F_Order_Management/Order_Addresses.js","Yes","GET","/API/HARRY-CLINTON/Order-Addresses","path/query params as applicable","200 success; 400/405 validation; 404 not found; 409 conflict (some modules); 500 server error","Generated from route files only"
"F_Order_Management","/Order-Addresses","routes/HARRY_CLINTON/F_Order_Management/Order_Addresses.js","Yes","GET","/API/HARRY-CLINTON/Order-Addresses/:id","path/query params as applicable","200 success; 400/405 validation; 404 not found; 409 conflict (some modules); 500 server error","Generated from route files only"
"F_Order_Management","/Order-Addresses","routes/HARRY_CLINTON/F_Order_Management/Order_Addresses.js","Yes","POST","/API/HARRY-CLINTON/Order-Addresses","application/json body (module-specific fields)","200 success; 400/405 validation; 404 not found; 409 conflict (some modules); 500 server error","Generated from route files only"
"F_Order_Management","/Order-Addresses","routes/HARRY_CLINTON/F_Order_Management/Order_Addresses.js","Yes","PUT","/API/HARRY-CLINTON/Order-Addresses","application/json body (module-specific fields)","200 success; 400/405 validation; 404 not found; 409 conflict (some modules); 500 server error","Generated from route files only"
"F_Order_Management","/Order-Addresses","routes/HARRY_CLINTON/F_Order_Management/Order_Addresses.js","Yes","DELETE","/API/HARRY-CLINTON/Order-Addresses","application/json body (module-specific fields)","200 success; 400/405 validation; 404 not found; 409 conflict (some modules); 500 server error","Generated from route files only"
"F_Order_Management","/Order-Cancellations","routes/HARRY_CLINTON/F_Order_Management/Order_Cancellations.js","Yes","GET","/API/HARRY-CLINTON/Order-Cancellations","path/query params as applicable","200 success; 400/405 validation; 404 not found; 409 conflict (some modules); 500 server error","Generated from route files only"
"F_Order_Management","/Order-Cancellations","routes/HARRY_CLINTON/F_Order_Management/Order_Cancellations.js","Yes","GET","/API/HARRY-CLINTON/Order-Cancellations/:id","path/query params as applicable","200 success; 400/405 validation; 404 not found; 409 conflict (some modules); 500 server error","Generated from route files only"
"F_Order_Management","/Order-Cancellations","routes/HARRY_CLINTON/F_Order_Management/Order_Cancellations.js","Yes","POST","/API/HARRY-CLINTON/Order-Cancellations","application/json body (module-specific fields)","200 success; 400/405 validation; 404 not found; 409 conflict (some modules); 500 server error","Generated from route files only"
"F_Order_Management","/Order-Cancellations","routes/HARRY_CLINTON/F_Order_Management/Order_Cancellations.js","Yes","PUT","/API/HARRY-CLINTON/Order-Cancellations","application/json body (module-specific fields)","200 success; 400/405 validation; 404 not found; 409 conflict (some modules); 500 server error","Generated from route files only"
"F_Order_Management","/Order-Cancellations","routes/HARRY_CLINTON/F_Order_Management/Order_Cancellations.js","Yes","DELETE","/API/HARRY-CLINTON/Order-Cancellations","application/json body (module-specific fields)","200 success; 400/405 validation; 404 not found; 409 conflict (some modules); 500 server error","Generated from route files only"
"F_Order_Management","/Order-Items","routes/HARRY_CLINTON/F_Order_Management/Order_Items.js","Yes","GET","/API/HARRY-CLINTON/Order-Items","path/query params as applicable","200 success; 400/405 validation; 404 not found; 409 conflict (some modules); 500 server error","Generated from route files only"
"F_Order_Management","/Order-Items","routes/HARRY_CLINTON/F_Order_Management/Order_Items.js","Yes","GET","/API/HARRY-CLINTON/Order-Items/:id","path/query params as applicable","200 success; 400/405 validation; 404 not found; 409 conflict (some modules); 500 server error","Generated from route files only"
"F_Order_Management","/Order-Items","routes/HARRY_CLINTON/F_Order_Management/Order_Items.js","Yes","POST","/API/HARRY-CLINTON/Order-Items","application/json body (module-specific fields)","200 success; 400/405 validation; 404 not found; 409 conflict (some modules); 500 server error","Generated from route files only"
"F_Order_Management","/Order-Items","routes/HARRY_CLINTON/F_Order_Management/Order_Items.js","Yes","PUT","/API/HARRY-CLINTON/Order-Items","application/json body (module-specific fields)","200 success; 400/405 validation; 404 not found; 409 conflict (some modules); 500 server error","Generated from route files only"
"F_Order_Management","/Order-Items","routes/HARRY_CLINTON/F_Order_Management/Order_Items.js","Yes","DELETE","/API/HARRY-CLINTON/Order-Items","application/json body (module-specific fields)","200 success; 400/405 validation; 404 not found; 409 conflict (some modules); 500 server error","Generated from route files only"
"F_Order_Management","/Orders","routes/HARRY_CLINTON/F_Order_Management/Orders.js","Yes","GET","/API/HARRY-CLINTON/Orders","path/query params as applicable","200 success; 400/405 validation; 404 not found; 409 conflict (some modules); 500 server error","Generated from route files only"
"F_Order_Management","/Orders","routes/HARRY_CLINTON/F_Order_Management/Orders.js","Yes","GET","/API/HARRY-CLINTON/Orders/:id","path/query params as applicable","200 success; 400/405 validation; 404 not found; 409 conflict (some modules); 500 server error","Generated from route files only"
"F_Order_Management","/Orders","routes/HARRY_CLINTON/F_Order_Management/Orders.js","Yes","POST","/API/HARRY-CLINTON/Orders","application/json body (module-specific fields)","200 success; 400/405 validation; 404 not found; 409 conflict (some modules); 500 server error","Generated from route files only"
"F_Order_Management","/Orders","routes/HARRY_CLINTON/F_Order_Management/Orders.js","Yes","PUT","/API/HARRY-CLINTON/Orders","application/json body (module-specific fields)","200 success; 400/405 validation; 404 not found; 409 conflict (some modules); 500 server error","Generated from route files only"
"F_Order_Management","/Orders","routes/HARRY_CLINTON/F_Order_Management/Orders.js","Yes","DELETE","/API/HARRY-CLINTON/Orders","application/json body (module-specific fields)","200 success; 400/405 validation; 404 not found; 409 conflict (some modules); 500 server error","Generated from route files only"
"F_Order_Management","/Order-Status-History","routes/HARRY_CLINTON/F_Order_Management/Order_Status_History.js","Yes","GET","/API/HARRY-CLINTON/Order-Status-History","path/query params as applicable","200 success; 400/405 validation; 404 not found; 409 conflict (some modules); 500 server error","Generated from route files only"
"F_Order_Management","/Order-Status-History","routes/HARRY_CLINTON/F_Order_Management/Order_Status_History.js","Yes","GET","/API/HARRY-CLINTON/Order-Status-History/:id","path/query params as applicable","200 success; 400/405 validation; 404 not found; 409 conflict (some modules); 500 server error","Generated from route files only"
"F_Order_Management","/Order-Status-History","routes/HARRY_CLINTON/F_Order_Management/Order_Status_History.js","Yes","POST","/API/HARRY-CLINTON/Order-Status-History","application/json body (module-specific fields)","200 success; 400/405 validation; 404 not found; 409 conflict (some modules); 500 server error","Generated from route files only"
"F_Order_Management","/Order-Status-History","routes/HARRY_CLINTON/F_Order_Management/Order_Status_History.js","Yes","PUT","/API/HARRY-CLINTON/Order-Status-History","application/json body (module-specific fields)","200 success; 400/405 validation; 404 not found; 409 conflict (some modules); 500 server error","Generated from route files only"
"F_Order_Management","/Order-Status-History","routes/HARRY_CLINTON/F_Order_Management/Order_Status_History.js","Yes","DELETE","/API/HARRY-CLINTON/Order-Status-History","application/json body (module-specific fields)","200 success; 400/405 validation; 404 not found; 409 conflict (some modules); 500 server error","Generated from route files only"
"F_Order_Management","/Order-Status-Master","routes/HARRY_CLINTON/F_Order_Management/Order_Status_Master.js","Yes","GET","/API/HARRY-CLINTON/Order-Status-Master","path/query params as applicable","200 success; 400/405 validation; 404 not found; 409 conflict (some modules); 500 server error","Generated from route files only"
"F_Order_Management","/Order-Status-Master","routes/HARRY_CLINTON/F_Order_Management/Order_Status_Master.js","Yes","GET","/API/HARRY-CLINTON/Order-Status-Master/:id","path/query params as applicable","200 success; 400/405 validation; 404 not found; 409 conflict (some modules); 500 server error","Generated from route files only"
"F_Order_Management","/Order-Status-Master","routes/HARRY_CLINTON/F_Order_Management/Order_Status_Master.js","Yes","POST","/API/HARRY-CLINTON/Order-Status-Master","application/json body (module-specific fields)","200 success; 400/405 validation; 404 not found; 409 conflict (some modules); 500 server error","Generated from route files only"
"F_Order_Management","/Order-Status-Master","routes/HARRY_CLINTON/F_Order_Management/Order_Status_Master.js","Yes","PUT","/API/HARRY-CLINTON/Order-Status-Master","application/json body (module-specific fields)","200 success; 400/405 validation; 404 not found; 409 conflict (some modules); 500 server error","Generated from route files only"
"F_Order_Management","/Order-Status-Master","routes/HARRY_CLINTON/F_Order_Management/Order_Status_Master.js","Yes","DELETE","/API/HARRY-CLINTON/Order-Status-Master","application/json body (module-specific fields)","200 success; 400/405 validation; 404 not found; 409 conflict (some modules); 500 server error","Generated from route files only"
"G_Payments","/Payments","routes/HARRY_CLINTON/G_Payments/Payments.js","Yes","GET","/API/HARRY-CLINTON/Payments","path/query params as applicable","200 success; 400/405 validation; 404 not found; 409 conflict (some modules); 500 server error","Generated from route files only"
"G_Payments","/Payments","routes/HARRY_CLINTON/G_Payments/Payments.js","Yes","GET","/API/HARRY-CLINTON/Payments/:id","path/query params as applicable","200 success; 400/405 validation; 404 not found; 409 conflict (some modules); 500 server error","Generated from route files only"
"G_Payments","/Payments","routes/HARRY_CLINTON/G_Payments/Payments.js","Yes","POST","/API/HARRY-CLINTON/Payments","application/json body (module-specific fields)","200 success; 400/405 validation; 404 not found; 409 conflict (some modules); 500 server error","Generated from route files only"
"G_Payments","/Payments","routes/HARRY_CLINTON/G_Payments/Payments.js","Yes","PUT","/API/HARRY-CLINTON/Payments","application/json body (module-specific fields)","200 success; 400/405 validation; 404 not found; 409 conflict (some modules); 500 server error","Generated from route files only"
"G_Payments","/Payments","routes/HARRY_CLINTON/G_Payments/Payments.js","Yes","DELETE","/API/HARRY-CLINTON/Payments","application/json body (module-specific fields)","200 success; 400/405 validation; 404 not found; 409 conflict (some modules); 500 server error","Generated from route files only"
"H_Coupons_&_Discounts","/Coupons","routes/HARRY_CLINTON/H_Coupons_&_Discounts/Coupons.js","Yes","GET","/API/HARRY-CLINTON/Coupons","path/query params as applicable","200 success; 400/405 validation; 404 not found; 409 conflict (some modules); 500 server error","Generated from route files only"
"H_Coupons_&_Discounts","/Coupons","routes/HARRY_CLINTON/H_Coupons_&_Discounts/Coupons.js","Yes","GET","/API/HARRY-CLINTON/Coupons/:id","path/query params as applicable","200 success; 400/405 validation; 404 not found; 409 conflict (some modules); 500 server error","Generated from route files only"
"H_Coupons_&_Discounts","/Coupons","routes/HARRY_CLINTON/H_Coupons_&_Discounts/Coupons.js","Yes","POST","/API/HARRY-CLINTON/Coupons","application/json body (module-specific fields)","200 success; 400/405 validation; 404 not found; 409 conflict (some modules); 500 server error","Generated from route files only"
"H_Coupons_&_Discounts","/Coupons","routes/HARRY_CLINTON/H_Coupons_&_Discounts/Coupons.js","Yes","PUT","/API/HARRY-CLINTON/Coupons","application/json body (module-specific fields)","200 success; 400/405 validation; 404 not found; 409 conflict (some modules); 500 server error","Generated from route files only"
"H_Coupons_&_Discounts","/Coupons","routes/HARRY_CLINTON/H_Coupons_&_Discounts/Coupons.js","Yes","DELETE","/API/HARRY-CLINTON/Coupons","application/json body (module-specific fields)","200 success; 400/405 validation; 404 not found; 409 conflict (some modules); 500 server error","Generated from route files only"
"H_Coupons_&_Discounts","/Coupon-Usage","routes/HARRY_CLINTON/H_Coupons_&_Discounts/Coupon_Usage.js","Yes","GET","/API/HARRY-CLINTON/Coupon-Usage","path/query params as applicable","200 success; 400/405 validation; 404 not found; 409 conflict (some modules); 500 server error","Generated from route files only"
"H_Coupons_&_Discounts","/Coupon-Usage","routes/HARRY_CLINTON/H_Coupons_&_Discounts/Coupon_Usage.js","Yes","GET","/API/HARRY-CLINTON/Coupon-Usage/:id","path/query params as applicable","200 success; 400/405 validation; 404 not found; 409 conflict (some modules); 500 server error","Generated from route files only"
"H_Coupons_&_Discounts","/Coupon-Usage","routes/HARRY_CLINTON/H_Coupons_&_Discounts/Coupon_Usage.js","Yes","POST","/API/HARRY-CLINTON/Coupon-Usage","application/json body (module-specific fields)","200 success; 400/405 validation; 404 not found; 409 conflict (some modules); 500 server error","Generated from route files only"
"H_Coupons_&_Discounts","/Coupon-Usage","routes/HARRY_CLINTON/H_Coupons_&_Discounts/Coupon_Usage.js","Yes","PUT","/API/HARRY-CLINTON/Coupon-Usage","application/json body (module-specific fields)","200 success; 400/405 validation; 404 not found; 409 conflict (some modules); 500 server error","Generated from route files only"
"H_Coupons_&_Discounts","/Coupon-Usage","routes/HARRY_CLINTON/H_Coupons_&_Discounts/Coupon_Usage.js","Yes","DELETE","/API/HARRY-CLINTON/Coupon-Usage","application/json body (module-specific fields)","200 success; 400/405 validation; 404 not found; 409 conflict (some modules); 500 server error","Generated from route files only"
"H_Coupons_&_Discounts","/Discounts","routes/HARRY_CLINTON/H_Coupons_&_Discounts/Discounts.js","Yes","GET","/API/HARRY-CLINTON/Discounts","path/query params as applicable","200 success; 400/405 validation; 404 not found; 409 conflict (some modules); 500 server error","Generated from route files only"
"H_Coupons_&_Discounts","/Discounts","routes/HARRY_CLINTON/H_Coupons_&_Discounts/Discounts.js","Yes","GET","/API/HARRY-CLINTON/Discounts/:id","path/query params as applicable","200 success; 400/405 validation; 404 not found; 409 conflict (some modules); 500 server error","Generated from route files only"
"H_Coupons_&_Discounts","/Discounts","routes/HARRY_CLINTON/H_Coupons_&_Discounts/Discounts.js","Yes","POST","/API/HARRY-CLINTON/Discounts","application/json body (module-specific fields)","200 success; 400/405 validation; 404 not found; 409 conflict (some modules); 500 server error","Generated from route files only"
"H_Coupons_&_Discounts","/Discounts","routes/HARRY_CLINTON/H_Coupons_&_Discounts/Discounts.js","Yes","PUT","/API/HARRY-CLINTON/Discounts","application/json body (module-specific fields)","200 success; 400/405 validation; 404 not found; 409 conflict (some modules); 500 server error","Generated from route files only"
"H_Coupons_&_Discounts","/Discounts","routes/HARRY_CLINTON/H_Coupons_&_Discounts/Discounts.js","Yes","DELETE","/API/HARRY-CLINTON/Discounts","application/json body (module-specific fields)","200 success; 400/405 validation; 404 not found; 409 conflict (some modules); 500 server error","Generated from route files only"
"H_Coupons_&_Discounts","/Discount-Targets","routes/HARRY_CLINTON/H_Coupons_&_Discounts/Discount_Targets.js","Yes","GET","/API/HARRY-CLINTON/Discount-Targets","path/query params as applicable","200 success; 400/405 validation; 404 not found; 409 conflict (some modules); 500 server error","Generated from route files only"
"H_Coupons_&_Discounts","/Discount-Targets","routes/HARRY_CLINTON/H_Coupons_&_Discounts/Discount_Targets.js","Yes","GET","/API/HARRY-CLINTON/Discount-Targets/:id","path/query params as applicable","200 success; 400/405 validation; 404 not found; 409 conflict (some modules); 500 server error","Generated from route files only"
"H_Coupons_&_Discounts","/Discount-Targets","routes/HARRY_CLINTON/H_Coupons_&_Discounts/Discount_Targets.js","Yes","POST","/API/HARRY-CLINTON/Discount-Targets","application/json body (module-specific fields)","200 success; 400/405 validation; 404 not found; 409 conflict (some modules); 500 server error","Generated from route files only"
"H_Coupons_&_Discounts","/Discount-Targets","routes/HARRY_CLINTON/H_Coupons_&_Discounts/Discount_Targets.js","Yes","PUT","/API/HARRY-CLINTON/Discount-Targets","application/json body (module-specific fields)","200 success; 400/405 validation; 404 not found; 409 conflict (some modules); 500 server error","Generated from route files only"
"H_Coupons_&_Discounts","/Discount-Targets","routes/HARRY_CLINTON/H_Coupons_&_Discounts/Discount_Targets.js","Yes","DELETE","/API/HARRY-CLINTON/Discount-Targets","application/json body (module-specific fields)","200 success; 400/405 validation; 404 not found; 409 conflict (some modules); 500 server error","Generated from route files only"
"H_Coupons_&_Discounts","/Order-Promotions","routes/HARRY_CLINTON/H_Coupons_&_Discounts/Order_Promotions.js","Yes","GET","/API/HARRY-CLINTON/Order-Promotions","path/query params as applicable","200 success; 400/405 validation; 404 not found; 409 conflict (some modules); 500 server error","Generated from route files only"
"H_Coupons_&_Discounts","/Order-Promotions","routes/HARRY_CLINTON/H_Coupons_&_Discounts/Order_Promotions.js","Yes","GET","/API/HARRY-CLINTON/Order-Promotions/:id","path/query params as applicable","200 success; 400/405 validation; 404 not found; 409 conflict (some modules); 500 server error","Generated from route files only"
"H_Coupons_&_Discounts","/Order-Promotions","routes/HARRY_CLINTON/H_Coupons_&_Discounts/Order_Promotions.js","Yes","POST","/API/HARRY-CLINTON/Order-Promotions","application/json body (module-specific fields)","200 success; 400/405 validation; 404 not found; 409 conflict (some modules); 500 server error","Generated from route files only"
"H_Coupons_&_Discounts","/Order-Promotions","routes/HARRY_CLINTON/H_Coupons_&_Discounts/Order_Promotions.js","Yes","PUT","/API/HARRY-CLINTON/Order-Promotions","application/json body (module-specific fields)","200 success; 400/405 validation; 404 not found; 409 conflict (some modules); 500 server error","Generated from route files only"
"H_Coupons_&_Discounts","/Order-Promotions","routes/HARRY_CLINTON/H_Coupons_&_Discounts/Order_Promotions.js","Yes","DELETE","/API/HARRY-CLINTON/Order-Promotions","application/json body (module-specific fields)","200 success; 400/405 validation; 404 not found; 409 conflict (some modules); 500 server error","Generated from route files only"
"HC_A_Header_Running_Bars","/Running-Bar","routes/HARRY_CLINTON/HC_A_Header_Running_Bars/RunningBar.js","Yes","GET","/API/HARRY-CLINTON/Running-Bar","path/query params as applicable","200 success; 400/405 validation; 404 not found; 409 conflict (some modules); 500 server error","Generated from route files only"
"HC_A_Header_Running_Bars","/Running-Bar","routes/HARRY_CLINTON/HC_A_Header_Running_Bars/RunningBar.js","Yes","GET","/API/HARRY-CLINTON/Running-Bar/:id","path/query params as applicable","200 success; 400/405 validation; 404 not found; 409 conflict (some modules); 500 server error","Generated from route files only"
"HC_A_Header_Running_Bars","/Running-Bar","routes/HARRY_CLINTON/HC_A_Header_Running_Bars/RunningBar.js","Yes","POST","/API/HARRY-CLINTON/Running-Bar","application/json body (module-specific fields)","200 success; 400/405 validation; 404 not found; 409 conflict (some modules); 500 server error","Generated from route files only"
"HC_A_Header_Running_Bars","/Running-Bar","routes/HARRY_CLINTON/HC_A_Header_Running_Bars/RunningBar.js","Yes","PUT","/API/HARRY-CLINTON/Running-Bar","application/json body (module-specific fields)","200 success; 400/405 validation; 404 not found; 409 conflict (some modules); 500 server error","Generated from route files only"
"HC_A_Header_Running_Bars","/Running-Bar","routes/HARRY_CLINTON/HC_A_Header_Running_Bars/RunningBar.js","Yes","DELETE","/API/HARRY-CLINTON/Running-Bar","application/json body (module-specific fields)","200 success; 400/405 validation; 404 not found; 409 conflict (some modules); 500 server error","Generated from route files only"
"HC_A_Header_Running_Bars","/Running-Bar-Items","routes/HARRY_CLINTON/HC_A_Header_Running_Bars/RunningBarItems.js","Yes","GET","/API/HARRY-CLINTON/Running-Bar-Items","path/query params as applicable","200 success; 400/405 validation; 404 not found; 409 conflict (some modules); 500 server error","Generated from route files only"
"HC_A_Header_Running_Bars","/Running-Bar-Items","routes/HARRY_CLINTON/HC_A_Header_Running_Bars/RunningBarItems.js","Yes","GET","/API/HARRY-CLINTON/Running-Bar-Items/:id","path/query params as applicable","200 success; 400/405 validation; 404 not found; 409 conflict (some modules); 500 server error","Generated from route files only"
"HC_A_Header_Running_Bars","/Running-Bar-Items","routes/HARRY_CLINTON/HC_A_Header_Running_Bars/RunningBarItems.js","Yes","POST","/API/HARRY-CLINTON/Running-Bar-Items","application/json body (module-specific fields)","200 success; 400/405 validation; 404 not found; 409 conflict (some modules); 500 server error","Generated from route files only"
"HC_A_Header_Running_Bars","/Running-Bar-Items","routes/HARRY_CLINTON/HC_A_Header_Running_Bars/RunningBarItems.js","Yes","PUT","/API/HARRY-CLINTON/Running-Bar-Items","application/json body (module-specific fields)","200 success; 400/405 validation; 404 not found; 409 conflict (some modules); 500 server error","Generated from route files only"
"HC_A_Header_Running_Bars","/Running-Bar-Items","routes/HARRY_CLINTON/HC_A_Header_Running_Bars/RunningBarItems.js","Yes","DELETE","/API/HARRY-CLINTON/Running-Bar-Items","application/json body (module-specific fields)","200 success; 400/405 validation; 404 not found; 409 conflict (some modules); 500 server error","Generated from route files only"
"HC_B_Menu_Navigation","/Menu-Category","routes/HARRY_CLINTON/HC_B_Menu_Navigation/MenuCategory.js","Yes","GET","/API/HARRY-CLINTON/Menu-Category","path/query params as applicable","200 success; 400/405 validation; 404 not found; 409 conflict (some modules); 500 server error","Generated from route files only"
"HC_B_Menu_Navigation","/Menu-Category","routes/HARRY_CLINTON/HC_B_Menu_Navigation/MenuCategory.js","Yes","GET","/API/HARRY-CLINTON/Menu-Category/:id","path/query params as applicable","200 success; 400/405 validation; 404 not found; 409 conflict (some modules); 500 server error","Generated from route files only"
"HC_B_Menu_Navigation","/Menu-Category","routes/HARRY_CLINTON/HC_B_Menu_Navigation/MenuCategory.js","Yes","POST","/API/HARRY-CLINTON/Menu-Category","application/json body (module-specific fields)","200 success; 400/405 validation; 404 not found; 409 conflict (some modules); 500 server error","Generated from route files only"
"HC_B_Menu_Navigation","/Menu-Category","routes/HARRY_CLINTON/HC_B_Menu_Navigation/MenuCategory.js","Yes","PUT","/API/HARRY-CLINTON/Menu-Category","application/json body (module-specific fields)","200 success; 400/405 validation; 404 not found; 409 conflict (some modules); 500 server error","Generated from route files only"
"HC_B_Menu_Navigation","/Menu-Category","routes/HARRY_CLINTON/HC_B_Menu_Navigation/MenuCategory.js","Yes","DELETE","/API/HARRY-CLINTON/Menu-Category","application/json body (module-specific fields)","200 success; 400/405 validation; 404 not found; 409 conflict (some modules); 500 server error","Generated from route files only"
"HC_B_Menu_Navigation","/Menu-Sub-Category","routes/HARRY_CLINTON/HC_B_Menu_Navigation/MenuSubCategory.js","Yes","GET","/API/HARRY-CLINTON/Menu-Sub-Category","path/query params as applicable","200 success; 400/405 validation; 404 not found; 409 conflict (some modules); 500 server error","Generated from route files only"
"HC_B_Menu_Navigation","/Menu-Sub-Category","routes/HARRY_CLINTON/HC_B_Menu_Navigation/MenuSubCategory.js","Yes","GET","/API/HARRY-CLINTON/Menu-Sub-Category/:id","path/query params as applicable","200 success; 400/405 validation; 404 not found; 409 conflict (some modules); 500 server error","Generated from route files only"
"HC_B_Menu_Navigation","/Menu-Sub-Category","routes/HARRY_CLINTON/HC_B_Menu_Navigation/MenuSubCategory.js","Yes","POST","/API/HARRY-CLINTON/Menu-Sub-Category","application/json body (module-specific fields)","200 success; 400/405 validation; 404 not found; 409 conflict (some modules); 500 server error","Generated from route files only"
"HC_B_Menu_Navigation","/Menu-Sub-Category","routes/HARRY_CLINTON/HC_B_Menu_Navigation/MenuSubCategory.js","Yes","PUT","/API/HARRY-CLINTON/Menu-Sub-Category","application/json body (module-specific fields)","200 success; 400/405 validation; 404 not found; 409 conflict (some modules); 500 server error","Generated from route files only"
"HC_B_Menu_Navigation","/Menu-Sub-Category","routes/HARRY_CLINTON/HC_B_Menu_Navigation/MenuSubCategory.js","Yes","DELETE","/API/HARRY-CLINTON/Menu-Sub-Category","application/json body (module-specific fields)","200 success; 400/405 validation; 404 not found; 409 conflict (some modules); 500 server error","Generated from route files only"
"HC_C_Home_Visuals","/Image-Sliders","routes/HARRY_CLINTON/HC_C_Home_Visuals/Image_Sliders.js","Yes","GET","/API/HARRY-CLINTON/Image-Sliders","path/query params as applicable","200 success; 400/405 validation; 404 not found; 409 conflict (some modules); 500 server error","Generated from route files only"
"HC_C_Home_Visuals","/Image-Sliders","routes/HARRY_CLINTON/HC_C_Home_Visuals/Image_Sliders.js","Yes","GET","/API/HARRY-CLINTON/Image-Sliders/:id","path/query params as applicable","200 success; 400/405 validation; 404 not found; 409 conflict (some modules); 500 server error","Generated from route files only"
"HC_C_Home_Visuals","/Image-Sliders","routes/HARRY_CLINTON/HC_C_Home_Visuals/Image_Sliders.js","Yes","POST","/API/HARRY-CLINTON/Image-Sliders","application/json body (module-specific fields)","200 success; 400/405 validation; 404 not found; 409 conflict (some modules); 500 server error","Generated from route files only"
"HC_C_Home_Visuals","/Image-Sliders","routes/HARRY_CLINTON/HC_C_Home_Visuals/Image_Sliders.js","Yes","PUT","/API/HARRY-CLINTON/Image-Sliders","application/json body (module-specific fields)","200 success; 400/405 validation; 404 not found; 409 conflict (some modules); 500 server error","Generated from route files only"
"HC_C_Home_Visuals","/Image-Sliders","routes/HARRY_CLINTON/HC_C_Home_Visuals/Image_Sliders.js","Yes","DELETE","/API/HARRY-CLINTON/Image-Sliders","application/json body (module-specific fields)","200 success; 400/405 validation; 404 not found; 409 conflict (some modules); 500 server error","Generated from route files only"
"HC_C_Home_Visuals","/Menu-Video","routes/HARRY_CLINTON/HC_C_Home_Visuals/Menu_Video.js","Yes","GET","/API/HARRY-CLINTON/Menu-Video","path/query params as applicable","200 success; 400/405 validation; 404 not found; 409 conflict (some modules); 500 server error","Generated from route files only"
"HC_C_Home_Visuals","/Menu-Video","routes/HARRY_CLINTON/HC_C_Home_Visuals/Menu_Video.js","Yes","GET","/API/HARRY-CLINTON/Menu-Video/:id","path/query params as applicable","200 success; 400/405 validation; 404 not found; 409 conflict (some modules); 500 server error","Generated from route files only"
"HC_C_Home_Visuals","/Menu-Video","routes/HARRY_CLINTON/HC_C_Home_Visuals/Menu_Video.js","Yes","POST","/API/HARRY-CLINTON/Menu-Video","application/json body (module-specific fields)","200 success; 400/405 validation; 404 not found; 409 conflict (some modules); 500 server error","Generated from route files only"
"HC_C_Home_Visuals","/Menu-Video","routes/HARRY_CLINTON/HC_C_Home_Visuals/Menu_Video.js","Yes","PUT","/API/HARRY-CLINTON/Menu-Video","application/json body (module-specific fields)","200 success; 400/405 validation; 404 not found; 409 conflict (some modules); 500 server error","Generated from route files only"
"HC_C_Home_Visuals","/Menu-Video","routes/HARRY_CLINTON/HC_C_Home_Visuals/Menu_Video.js","Yes","DELETE","/API/HARRY-CLINTON/Menu-Video","application/json body (module-specific fields)","200 success; 400/405 validation; 404 not found; 409 conflict (some modules); 500 server error","Generated from route files only"
"HC_D_Spotlight","/Spotlight-Entries","routes/HARRY_CLINTON/HC_D_Spotlight/Spotlight_Entries.js","Yes","GET","/API/HARRY-CLINTON/Spotlight-Entries","path/query params as applicable","200 success; 400/405 validation; 404 not found; 409 conflict (some modules); 500 server error","Generated from route files only"
"HC_D_Spotlight","/Spotlight-Entries","routes/HARRY_CLINTON/HC_D_Spotlight/Spotlight_Entries.js","Yes","GET","/API/HARRY-CLINTON/Spotlight-Entries/:id","path/query params as applicable","200 success; 400/405 validation; 404 not found; 409 conflict (some modules); 500 server error","Generated from route files only"
"HC_D_Spotlight","/Spotlight-Entries","routes/HARRY_CLINTON/HC_D_Spotlight/Spotlight_Entries.js","Yes","POST","/API/HARRY-CLINTON/Spotlight-Entries","application/json body (module-specific fields)","200 success; 400/405 validation; 404 not found; 409 conflict (some modules); 500 server error","Generated from route files only"
"HC_D_Spotlight","/Spotlight-Entries","routes/HARRY_CLINTON/HC_D_Spotlight/Spotlight_Entries.js","Yes","PUT","/API/HARRY-CLINTON/Spotlight-Entries","application/json body (module-specific fields)","200 success; 400/405 validation; 404 not found; 409 conflict (some modules); 500 server error","Generated from route files only"
"HC_D_Spotlight","/Spotlight-Entries","routes/HARRY_CLINTON/HC_D_Spotlight/Spotlight_Entries.js","Yes","DELETE","/API/HARRY-CLINTON/Spotlight-Entries","application/json body (module-specific fields)","200 success; 400/405 validation; 404 not found; 409 conflict (some modules); 500 server error","Generated from route files only"
"HC_D_Spotlight","/Spotlight-Media","routes/HARRY_CLINTON/HC_D_Spotlight/Spotlight_Media.js","Yes","GET","/API/HARRY-CLINTON/Spotlight-Media","path/query params as applicable","200 success; 400/405 validation; 404 not found; 409 conflict (some modules); 500 server error","Generated from route files only"
"HC_D_Spotlight","/Spotlight-Media","routes/HARRY_CLINTON/HC_D_Spotlight/Spotlight_Media.js","Yes","GET","/API/HARRY-CLINTON/Spotlight-Media/:id","path/query params as applicable","200 success; 400/405 validation; 404 not found; 409 conflict (some modules); 500 server error","Generated from route files only"
"HC_D_Spotlight","/Spotlight-Media","routes/HARRY_CLINTON/HC_D_Spotlight/Spotlight_Media.js","Yes","POST","/API/HARRY-CLINTON/Spotlight-Media","application/json body (module-specific fields)","200 success; 400/405 validation; 404 not found; 409 conflict (some modules); 500 server error","Generated from route files only"
"HC_D_Spotlight","/Spotlight-Media","routes/HARRY_CLINTON/HC_D_Spotlight/Spotlight_Media.js","Yes","PUT","/API/HARRY-CLINTON/Spotlight-Media","application/json body (module-specific fields)","200 success; 400/405 validation; 404 not found; 409 conflict (some modules); 500 server error","Generated from route files only"
"HC_D_Spotlight","/Spotlight-Media","routes/HARRY_CLINTON/HC_D_Spotlight/Spotlight_Media.js","Yes","DELETE","/API/HARRY-CLINTON/Spotlight-Media","application/json body (module-specific fields)","200 success; 400/405 validation; 404 not found; 409 conflict (some modules); 500 server error","Generated from route files only"
"HC_E_Style_by_HC","/Style-Collection-Media","routes/HARRY_CLINTON/HC_E_Style_by_HC/Style_Collection_Media.js","Yes","GET","/API/HARRY-CLINTON/Style-Collection-Media","path/query params as applicable","200 success; 400/405 validation; 404 not found; 409 conflict (some modules); 500 server error","Generated from route files only"
"HC_E_Style_by_HC","/Style-Collection-Media","routes/HARRY_CLINTON/HC_E_Style_by_HC/Style_Collection_Media.js","Yes","GET","/API/HARRY-CLINTON/Style-Collection-Media/:id","path/query params as applicable","200 success; 400/405 validation; 404 not found; 409 conflict (some modules); 500 server error","Generated from route files only"
"HC_E_Style_by_HC","/Style-Collection-Media","routes/HARRY_CLINTON/HC_E_Style_by_HC/Style_Collection_Media.js","Yes","POST","/API/HARRY-CLINTON/Style-Collection-Media","application/json body (module-specific fields)","200 success; 400/405 validation; 404 not found; 409 conflict (some modules); 500 server error","Generated from route files only"
"HC_E_Style_by_HC","/Style-Collection-Media","routes/HARRY_CLINTON/HC_E_Style_by_HC/Style_Collection_Media.js","Yes","PUT","/API/HARRY-CLINTON/Style-Collection-Media","application/json body (module-specific fields)","200 success; 400/405 validation; 404 not found; 409 conflict (some modules); 500 server error","Generated from route files only"
"HC_E_Style_by_HC","/Style-Collection-Media","routes/HARRY_CLINTON/HC_E_Style_by_HC/Style_Collection_Media.js","Yes","DELETE","/API/HARRY-CLINTON/Style-Collection-Media","application/json body (module-specific fields)","200 success; 400/405 validation; 404 not found; 409 conflict (some modules); 500 server error","Generated from route files only"
"HC_E_Style_by_HC","/Style-Collections","routes/HARRY_CLINTON/HC_E_Style_by_HC/Style_Collections.js","Yes","GET","/API/HARRY-CLINTON/Style-Collections","path/query params as applicable","200 success; 400/405 validation; 404 not found; 409 conflict (some modules); 500 server error","Generated from route files only"
"HC_E_Style_by_HC","/Style-Collections","routes/HARRY_CLINTON/HC_E_Style_by_HC/Style_Collections.js","Yes","GET","/API/HARRY-CLINTON/Style-Collections/:id","path/query params as applicable","200 success; 400/405 validation; 404 not found; 409 conflict (some modules); 500 server error","Generated from route files only"
"HC_E_Style_by_HC","/Style-Collections","routes/HARRY_CLINTON/HC_E_Style_by_HC/Style_Collections.js","Yes","POST","/API/HARRY-CLINTON/Style-Collections","application/json body (module-specific fields)","200 success; 400/405 validation; 404 not found; 409 conflict (some modules); 500 server error","Generated from route files only"
"HC_E_Style_by_HC","/Style-Collections","routes/HARRY_CLINTON/HC_E_Style_by_HC/Style_Collections.js","Yes","PUT","/API/HARRY-CLINTON/Style-Collections","application/json body (module-specific fields)","200 success; 400/405 validation; 404 not found; 409 conflict (some modules); 500 server error","Generated from route files only"
"HC_E_Style_by_HC","/Style-Collections","routes/HARRY_CLINTON/HC_E_Style_by_HC/Style_Collections.js","Yes","DELETE","/API/HARRY-CLINTON/Style-Collections","application/json body (module-specific fields)","200 success; 400/405 validation; 404 not found; 409 conflict (some modules); 500 server error","Generated from route files only"
"HC_F_Appointments","/Appointment-Date-Slots","routes/HARRY_CLINTON/HC_F_Appointments/AppointmentDateSlots.js","Yes","GET","/API/HARRY-CLINTON/Appointment-Date-Slots","path/query params as applicable","200 success; 400/405 validation; 404 not found; 409 conflict (some modules); 500 server error","Generated from route files only"
"HC_F_Appointments","/Appointment-Date-Slots","routes/HARRY_CLINTON/HC_F_Appointments/AppointmentDateSlots.js","Yes","GET","/API/HARRY-CLINTON/Appointment-Date-Slots/:id","path/query params as applicable","200 success; 400/405 validation; 404 not found; 409 conflict (some modules); 500 server error","Generated from route files only"
"HC_F_Appointments","/Appointment-Date-Slots","routes/HARRY_CLINTON/HC_F_Appointments/AppointmentDateSlots.js","Yes","POST","/API/HARRY-CLINTON/Appointment-Date-Slots","application/json body (module-specific fields)","200 success; 400/405 validation; 404 not found; 409 conflict (some modules); 500 server error","Generated from route files only"
"HC_F_Appointments","/Appointment-Date-Slots","routes/HARRY_CLINTON/HC_F_Appointments/AppointmentDateSlots.js","Yes","PUT","/API/HARRY-CLINTON/Appointment-Date-Slots","application/json body (module-specific fields)","200 success; 400/405 validation; 404 not found; 409 conflict (some modules); 500 server error","Generated from route files only"
"HC_F_Appointments","/Appointment-Date-Slots","routes/HARRY_CLINTON/HC_F_Appointments/AppointmentDateSlots.js","Yes","DELETE","/API/HARRY-CLINTON/Appointment-Date-Slots","application/json body (module-specific fields)","200 success; 400/405 validation; 404 not found; 409 conflict (some modules); 500 server error","Generated from route files only"
"HC_F_Appointments","/Appointment-Slot-Blocks","routes/HARRY_CLINTON/HC_F_Appointments/AppointmentSlotBlocks.js","Yes","GET","/API/HARRY-CLINTON/Appointment-Slot-Blocks","path/query params as applicable","200 success; 400/405 validation; 404 not found; 409 conflict (some modules); 500 server error","Generated from route files only"
"HC_F_Appointments","/Appointment-Slot-Blocks","routes/HARRY_CLINTON/HC_F_Appointments/AppointmentSlotBlocks.js","Yes","GET","/API/HARRY-CLINTON/Appointment-Slot-Blocks/:id","path/query params as applicable","200 success; 400/405 validation; 404 not found; 409 conflict (some modules); 500 server error","Generated from route files only"
"HC_F_Appointments","/Appointment-Slot-Blocks","routes/HARRY_CLINTON/HC_F_Appointments/AppointmentSlotBlocks.js","Yes","POST","/API/HARRY-CLINTON/Appointment-Slot-Blocks","application/json body (module-specific fields)","200 success; 400/405 validation; 404 not found; 409 conflict (some modules); 500 server error","Generated from route files only"
"HC_F_Appointments","/Appointment-Slot-Blocks","routes/HARRY_CLINTON/HC_F_Appointments/AppointmentSlotBlocks.js","Yes","PUT","/API/HARRY-CLINTON/Appointment-Slot-Blocks","application/json body (module-specific fields)","200 success; 400/405 validation; 404 not found; 409 conflict (some modules); 500 server error","Generated from route files only"
"HC_F_Appointments","/Appointment-Slot-Blocks","routes/HARRY_CLINTON/HC_F_Appointments/AppointmentSlotBlocks.js","Yes","DELETE","/API/HARRY-CLINTON/Appointment-Slot-Blocks","application/json body (module-specific fields)","200 success; 400/405 validation; 404 not found; 409 conflict (some modules); 500 server error","Generated from route files only"
"HC_F_Appointments","/Appointment-Time-Slots","routes/HARRY_CLINTON/HC_F_Appointments/AppointmentTimeSlots.js","Yes","GET","/API/HARRY-CLINTON/Appointment-Time-Slots","path/query params as applicable","200 success; 400/405 validation; 404 not found; 409 conflict (some modules); 500 server error","Generated from route files only"
"HC_F_Appointments","/Appointment-Time-Slots","routes/HARRY_CLINTON/HC_F_Appointments/AppointmentTimeSlots.js","Yes","GET","/API/HARRY-CLINTON/Appointment-Time-Slots/:id","path/query params as applicable","200 success; 400/405 validation; 404 not found; 409 conflict (some modules); 500 server error","Generated from route files only"
"HC_F_Appointments","/Appointment-Time-Slots","routes/HARRY_CLINTON/HC_F_Appointments/AppointmentTimeSlots.js","Yes","POST","/API/HARRY-CLINTON/Appointment-Time-Slots","application/json body (module-specific fields)","200 success; 400/405 validation; 404 not found; 409 conflict (some modules); 500 server error","Generated from route files only"
"HC_F_Appointments","/Appointment-Time-Slots","routes/HARRY_CLINTON/HC_F_Appointments/AppointmentTimeSlots.js","Yes","PUT","/API/HARRY-CLINTON/Appointment-Time-Slots","application/json body (module-specific fields)","200 success; 400/405 validation; 404 not found; 409 conflict (some modules); 500 server error","Generated from route files only"
"HC_F_Appointments","/Appointment-Time-Slots","routes/HARRY_CLINTON/HC_F_Appointments/AppointmentTimeSlots.js","Yes","DELETE","/API/HARRY-CLINTON/Appointment-Time-Slots","application/json body (module-specific fields)","200 success; 400/405 validation; 404 not found; 409 conflict (some modules); 500 server error","Generated from route files only"
"HC_F_Appointments","/Appointment-Time-Slots","routes/HARRY_CLINTON/HC_F_Appointments/AppointmentTimeSlots.js","Yes","GET","/API/HARRY-CLINTON/Appointment-Time-Slots/by-date/:appointment_date_slot_id","path/query params as applicable","200 success; 400/405 validation; 404 not found; 409 conflict (some modules); 500 server error","Generated from route files only"
"HC_F_Appointments","/Custom-Appointments","routes/HARRY_CLINTON/HC_F_Appointments/CustomAppointments.js","Yes","GET","/API/HARRY-CLINTON/Custom-Appointments","path/query params as applicable","200 success; 400/405 validation; 404 not found; 409 conflict (some modules); 500 server error","Generated from route files only"
"HC_F_Appointments","/Custom-Appointments","routes/HARRY_CLINTON/HC_F_Appointments/CustomAppointments.js","Yes","GET","/API/HARRY-CLINTON/Custom-Appointments/:id","path/query params as applicable","200 success; 400/405 validation; 404 not found; 409 conflict (some modules); 500 server error","Generated from route files only"
"HC_F_Appointments","/Custom-Appointments","routes/HARRY_CLINTON/HC_F_Appointments/CustomAppointments.js","Yes","POST","/API/HARRY-CLINTON/Custom-Appointments","application/json body (module-specific fields)","200 success; 400/405 validation; 404 not found; 409 conflict (some modules); 500 server error","Generated from route files only"
"HC_F_Appointments","/Custom-Appointments","routes/HARRY_CLINTON/HC_F_Appointments/CustomAppointments.js","Yes","PUT","/API/HARRY-CLINTON/Custom-Appointments","application/json body (module-specific fields)","200 success; 400/405 validation; 404 not found; 409 conflict (some modules); 500 server error","Generated from route files only"
"HC_F_Appointments","/Custom-Appointments","routes/HARRY_CLINTON/HC_F_Appointments/CustomAppointments.js","Yes","DELETE","/API/HARRY-CLINTON/Custom-Appointments","application/json body (module-specific fields)","200 success; 400/405 validation; 404 not found; 409 conflict (some modules); 500 server error","Generated from route files only"
"I_ Shipping_&_Delivery","/Courier-Partners","routes/HARRY_CLINTON/I_ Shipping_&_Delivery/Courier_Partners.js","Yes","GET","/API/HARRY-CLINTON/Courier-Partners","path/query params as applicable","200 success; 400/405 validation; 404 not found; 409 conflict (some modules); 500 server error","Generated from route files only"
"I_ Shipping_&_Delivery","/Courier-Partners","routes/HARRY_CLINTON/I_ Shipping_&_Delivery/Courier_Partners.js","Yes","GET","/API/HARRY-CLINTON/Courier-Partners/:id","path/query params as applicable","200 success; 400/405 validation; 404 not found; 409 conflict (some modules); 500 server error","Generated from route files only"
"I_ Shipping_&_Delivery","/Courier-Partners","routes/HARRY_CLINTON/I_ Shipping_&_Delivery/Courier_Partners.js","Yes","POST","/API/HARRY-CLINTON/Courier-Partners","application/json body (module-specific fields)","200 success; 400/405 validation; 404 not found; 409 conflict (some modules); 500 server error","Generated from route files only"
"I_ Shipping_&_Delivery","/Courier-Partners","routes/HARRY_CLINTON/I_ Shipping_&_Delivery/Courier_Partners.js","Yes","PUT","/API/HARRY-CLINTON/Courier-Partners","application/json body (module-specific fields)","200 success; 400/405 validation; 404 not found; 409 conflict (some modules); 500 server error","Generated from route files only"
"I_ Shipping_&_Delivery","/Courier-Partners","routes/HARRY_CLINTON/I_ Shipping_&_Delivery/Courier_Partners.js","Yes","DELETE","/API/HARRY-CLINTON/Courier-Partners","application/json body (module-specific fields)","200 success; 400/405 validation; 404 not found; 409 conflict (some modules); 500 server error","Generated from route files only"
"I_ Shipping_&_Delivery","/Shipment-Events","routes/HARRY_CLINTON/I_ Shipping_&_Delivery/Shipment_Events.js","Yes","GET","/API/HARRY-CLINTON/Shipment-Events","path/query params as applicable","200 success; 400/405 validation; 404 not found; 409 conflict (some modules); 500 server error","Generated from route files only"
"I_ Shipping_&_Delivery","/Shipment-Events","routes/HARRY_CLINTON/I_ Shipping_&_Delivery/Shipment_Events.js","Yes","GET","/API/HARRY-CLINTON/Shipment-Events/:id","path/query params as applicable","200 success; 400/405 validation; 404 not found; 409 conflict (some modules); 500 server error","Generated from route files only"
"I_ Shipping_&_Delivery","/Shipment-Events","routes/HARRY_CLINTON/I_ Shipping_&_Delivery/Shipment_Events.js","Yes","POST","/API/HARRY-CLINTON/Shipment-Events","application/json body (module-specific fields)","200 success; 400/405 validation; 404 not found; 409 conflict (some modules); 500 server error","Generated from route files only"
"I_ Shipping_&_Delivery","/Shipment-Events","routes/HARRY_CLINTON/I_ Shipping_&_Delivery/Shipment_Events.js","Yes","PUT","/API/HARRY-CLINTON/Shipment-Events","application/json body (module-specific fields)","200 success; 400/405 validation; 404 not found; 409 conflict (some modules); 500 server error","Generated from route files only"
"I_ Shipping_&_Delivery","/Shipment-Events","routes/HARRY_CLINTON/I_ Shipping_&_Delivery/Shipment_Events.js","Yes","DELETE","/API/HARRY-CLINTON/Shipment-Events","application/json body (module-specific fields)","200 success; 400/405 validation; 404 not found; 409 conflict (some modules); 500 server error","Generated from route files only"
"I_ Shipping_&_Delivery","/Shipments","routes/HARRY_CLINTON/I_ Shipping_&_Delivery/Shipments.js","Yes","GET","/API/HARRY-CLINTON/Shipments","path/query params as applicable","200 success; 400/405 validation; 404 not found; 409 conflict (some modules); 500 server error","Generated from route files only"
"I_ Shipping_&_Delivery","/Shipments","routes/HARRY_CLINTON/I_ Shipping_&_Delivery/Shipments.js","Yes","GET","/API/HARRY-CLINTON/Shipments/:id","path/query params as applicable","200 success; 400/405 validation; 404 not found; 409 conflict (some modules); 500 server error","Generated from route files only"
"I_ Shipping_&_Delivery","/Shipments","routes/HARRY_CLINTON/I_ Shipping_&_Delivery/Shipments.js","Yes","POST","/API/HARRY-CLINTON/Shipments","application/json body (module-specific fields)","200 success; 400/405 validation; 404 not found; 409 conflict (some modules); 500 server error","Generated from route files only"
"I_ Shipping_&_Delivery","/Shipments","routes/HARRY_CLINTON/I_ Shipping_&_Delivery/Shipments.js","Yes","PUT","/API/HARRY-CLINTON/Shipments","application/json body (module-specific fields)","200 success; 400/405 validation; 404 not found; 409 conflict (some modules); 500 server error","Generated from route files only"
"I_ Shipping_&_Delivery","/Shipments","routes/HARRY_CLINTON/I_ Shipping_&_Delivery/Shipments.js","Yes","DELETE","/API/HARRY-CLINTON/Shipments","application/json body (module-specific fields)","200 success; 400/405 validation; 404 not found; 409 conflict (some modules); 500 server error","Generated from route files only"
"J_Returns_&_Refunds","/Refunds","routes/HARRY_CLINTON/J_Returns_&_Refunds/Refunds.js","Yes","GET","/API/HARRY-CLINTON/Refunds","path/query params as applicable","200 success; 400/405 validation; 404 not found; 409 conflict (some modules); 500 server error","Generated from route files only"
"J_Returns_&_Refunds","/Refunds","routes/HARRY_CLINTON/J_Returns_&_Refunds/Refunds.js","Yes","GET","/API/HARRY-CLINTON/Refunds/:id","path/query params as applicable","200 success; 400/405 validation; 404 not found; 409 conflict (some modules); 500 server error","Generated from route files only"
"J_Returns_&_Refunds","/Refunds","routes/HARRY_CLINTON/J_Returns_&_Refunds/Refunds.js","Yes","POST","/API/HARRY-CLINTON/Refunds","application/json body (module-specific fields)","200 success; 400/405 validation; 404 not found; 409 conflict (some modules); 500 server error","Generated from route files only"
"J_Returns_&_Refunds","/Refunds","routes/HARRY_CLINTON/J_Returns_&_Refunds/Refunds.js","Yes","PUT","/API/HARRY-CLINTON/Refunds","application/json body (module-specific fields)","200 success; 400/405 validation; 404 not found; 409 conflict (some modules); 500 server error","Generated from route files only"
"J_Returns_&_Refunds","/Refunds","routes/HARRY_CLINTON/J_Returns_&_Refunds/Refunds.js","Yes","DELETE","/API/HARRY-CLINTON/Refunds","application/json body (module-specific fields)","200 success; 400/405 validation; 404 not found; 409 conflict (some modules); 500 server error","Generated from route files only"
"J_Returns_&_Refunds","/Returns","routes/HARRY_CLINTON/J_Returns_&_Refunds/Returns.js","Yes","GET","/API/HARRY-CLINTON/Returns","path/query params as applicable","200 success; 400/405 validation; 404 not found; 409 conflict (some modules); 500 server error","Generated from route files only"
"J_Returns_&_Refunds","/Returns","routes/HARRY_CLINTON/J_Returns_&_Refunds/Returns.js","Yes","GET","/API/HARRY-CLINTON/Returns/:id","path/query params as applicable","200 success; 400/405 validation; 404 not found; 409 conflict (some modules); 500 server error","Generated from route files only"
"J_Returns_&_Refunds","/Returns","routes/HARRY_CLINTON/J_Returns_&_Refunds/Returns.js","Yes","POST","/API/HARRY-CLINTON/Returns","application/json body (module-specific fields)","200 success; 400/405 validation; 404 not found; 409 conflict (some modules); 500 server error","Generated from route files only"
"J_Returns_&_Refunds","/Returns","routes/HARRY_CLINTON/J_Returns_&_Refunds/Returns.js","Yes","PUT","/API/HARRY-CLINTON/Returns","application/json body (module-specific fields)","200 success; 400/405 validation; 404 not found; 409 conflict (some modules); 500 server error","Generated from route files only"
"J_Returns_&_Refunds","/Returns","routes/HARRY_CLINTON/J_Returns_&_Refunds/Returns.js","Yes","DELETE","/API/HARRY-CLINTON/Returns","application/json body (module-specific fields)","200 success; 400/405 validation; 404 not found; 409 conflict (some modules); 500 server error","Generated from route files only"
"K_Support_Content_&_System_Configuration","/FAQs","routes/HARRY_CLINTON/K_Support_Content_&_System_Configuration/FAQs.js","Yes","GET","/API/HARRY-CLINTON/FAQs","path/query params as applicable","200 success; 400/405 validation; 404 not found; 409 conflict (some modules); 500 server error","Generated from route files only"
"K_Support_Content_&_System_Configuration","/FAQs","routes/HARRY_CLINTON/K_Support_Content_&_System_Configuration/FAQs.js","Yes","GET","/API/HARRY-CLINTON/FAQs/:id","path/query params as applicable","200 success; 400/405 validation; 404 not found; 409 conflict (some modules); 500 server error","Generated from route files only"
"K_Support_Content_&_System_Configuration","/FAQs","routes/HARRY_CLINTON/K_Support_Content_&_System_Configuration/FAQs.js","Yes","POST","/API/HARRY-CLINTON/FAQs","application/json body (module-specific fields)","200 success; 400/405 validation; 404 not found; 409 conflict (some modules); 500 server error","Generated from route files only"
"K_Support_Content_&_System_Configuration","/FAQs","routes/HARRY_CLINTON/K_Support_Content_&_System_Configuration/FAQs.js","Yes","PUT","/API/HARRY-CLINTON/FAQs","application/json body (module-specific fields)","200 success; 400/405 validation; 404 not found; 409 conflict (some modules); 500 server error","Generated from route files only"
"K_Support_Content_&_System_Configuration","/FAQs","routes/HARRY_CLINTON/K_Support_Content_&_System_Configuration/FAQs.js","Yes","DELETE","/API/HARRY-CLINTON/FAQs","application/json body (module-specific fields)","200 success; 400/405 validation; 404 not found; 409 conflict (some modules); 500 server error","Generated from route files only"
"K_Support_Content_&_System_Configuration","/Legal-Page-Headers","routes/HARRY_CLINTON/K_Support_Content_&_System_Configuration/Legal_Page_Headers.js","Yes","GET","/API/HARRY-CLINTON/Legal-Page-Headers","path/query params as applicable","200 success; 400/405 validation; 404 not found; 409 conflict (some modules); 500 server error","Generated from route files only"
"K_Support_Content_&_System_Configuration","/Legal-Page-Headers","routes/HARRY_CLINTON/K_Support_Content_&_System_Configuration/Legal_Page_Headers.js","Yes","GET","/API/HARRY-CLINTON/Legal-Page-Headers/:id","path/query params as applicable","200 success; 400/405 validation; 404 not found; 409 conflict (some modules); 500 server error","Generated from route files only"
"K_Support_Content_&_System_Configuration","/Legal-Page-Headers","routes/HARRY_CLINTON/K_Support_Content_&_System_Configuration/Legal_Page_Headers.js","Yes","POST","/API/HARRY-CLINTON/Legal-Page-Headers","application/json body (module-specific fields)","200 success; 400/405 validation; 404 not found; 409 conflict (some modules); 500 server error","Generated from route files only"
"K_Support_Content_&_System_Configuration","/Legal-Page-Headers","routes/HARRY_CLINTON/K_Support_Content_&_System_Configuration/Legal_Page_Headers.js","Yes","PUT","/API/HARRY-CLINTON/Legal-Page-Headers","application/json body (module-specific fields)","200 success; 400/405 validation; 404 not found; 409 conflict (some modules); 500 server error","Generated from route files only"
"K_Support_Content_&_System_Configuration","/Legal-Page-Headers","routes/HARRY_CLINTON/K_Support_Content_&_System_Configuration/Legal_Page_Headers.js","Yes","DELETE","/API/HARRY-CLINTON/Legal-Page-Headers","application/json body (module-specific fields)","200 success; 400/405 validation; 404 not found; 409 conflict (some modules); 500 server error","Generated from route files only"
"K_Support_Content_&_System_Configuration","/Legal-Page-Sections","routes/HARRY_CLINTON/K_Support_Content_&_System_Configuration/Legal_Page_Sections.js","Yes","GET","/API/HARRY-CLINTON/Legal-Page-Sections","path/query params as applicable","200 success; 400/405 validation; 404 not found; 409 conflict (some modules); 500 server error","Generated from route files only"
"K_Support_Content_&_System_Configuration","/Legal-Page-Sections","routes/HARRY_CLINTON/K_Support_Content_&_System_Configuration/Legal_Page_Sections.js","Yes","GET","/API/HARRY-CLINTON/Legal-Page-Sections/:id","path/query params as applicable","200 success; 400/405 validation; 404 not found; 409 conflict (some modules); 500 server error","Generated from route files only"
"K_Support_Content_&_System_Configuration","/Legal-Page-Sections","routes/HARRY_CLINTON/K_Support_Content_&_System_Configuration/Legal_Page_Sections.js","Yes","POST","/API/HARRY-CLINTON/Legal-Page-Sections","application/json body (module-specific fields)","200 success; 400/405 validation; 404 not found; 409 conflict (some modules); 500 server error","Generated from route files only"
"K_Support_Content_&_System_Configuration","/Legal-Page-Sections","routes/HARRY_CLINTON/K_Support_Content_&_System_Configuration/Legal_Page_Sections.js","Yes","PUT","/API/HARRY-CLINTON/Legal-Page-Sections","application/json body (module-specific fields)","200 success; 400/405 validation; 404 not found; 409 conflict (some modules); 500 server error","Generated from route files only"
"K_Support_Content_&_System_Configuration","/Legal-Page-Sections","routes/HARRY_CLINTON/K_Support_Content_&_System_Configuration/Legal_Page_Sections.js","Yes","DELETE","/API/HARRY-CLINTON/Legal-Page-Sections","application/json body (module-specific fields)","200 success; 400/405 validation; 404 not found; 409 conflict (some modules); 500 server error","Generated from route files only"
"K_Support_Content_&_System_Configuration","/Newsletter-Subscriptions","routes/HARRY_CLINTON/K_Support_Content_&_System_Configuration/Newsletter_Subscriptions.js","Yes","GET","/API/HARRY-CLINTON/Newsletter-Subscriptions","path/query params as applicable","200 success; 400/405 validation; 404 not found; 409 conflict (some modules); 500 server error","Generated from route files only"
"K_Support_Content_&_System_Configuration","/Newsletter-Subscriptions","routes/HARRY_CLINTON/K_Support_Content_&_System_Configuration/Newsletter_Subscriptions.js","Yes","GET","/API/HARRY-CLINTON/Newsletter-Subscriptions/:id","path/query params as applicable","200 success; 400/405 validation; 404 not found; 409 conflict (some modules); 500 server error","Generated from route files only"
"K_Support_Content_&_System_Configuration","/Newsletter-Subscriptions","routes/HARRY_CLINTON/K_Support_Content_&_System_Configuration/Newsletter_Subscriptions.js","Yes","POST","/API/HARRY-CLINTON/Newsletter-Subscriptions","application/json body (module-specific fields)","200 success; 400/405 validation; 404 not found; 409 conflict (some modules); 500 server error","Generated from route files only"
"K_Support_Content_&_System_Configuration","/Newsletter-Subscriptions","routes/HARRY_CLINTON/K_Support_Content_&_System_Configuration/Newsletter_Subscriptions.js","Yes","PUT","/API/HARRY-CLINTON/Newsletter-Subscriptions","application/json body (module-specific fields)","200 success; 400/405 validation; 404 not found; 409 conflict (some modules); 500 server error","Generated from route files only"
"K_Support_Content_&_System_Configuration","/Newsletter-Subscriptions","routes/HARRY_CLINTON/K_Support_Content_&_System_Configuration/Newsletter_Subscriptions.js","Yes","DELETE","/API/HARRY-CLINTON/Newsletter-Subscriptions","application/json body (module-specific fields)","200 success; 400/405 validation; 404 not found; 409 conflict (some modules); 500 server error","Generated from route files only"
"K_Support_Content_&_System_Configuration","/Settings","routes/HARRY_CLINTON/K_Support_Content_&_System_Configuration/Settings.js","Yes","GET","/API/HARRY-CLINTON/Settings","path/query params as applicable","200 success; 400/405 validation; 404 not found; 409 conflict (some modules); 500 server error","Generated from route files only"
"K_Support_Content_&_System_Configuration","/Settings","routes/HARRY_CLINTON/K_Support_Content_&_System_Configuration/Settings.js","Yes","GET","/API/HARRY-CLINTON/Settings/:id","path/query params as applicable","200 success; 400/405 validation; 404 not found; 409 conflict (some modules); 500 server error","Generated from route files only"
"K_Support_Content_&_System_Configuration","/Settings","routes/HARRY_CLINTON/K_Support_Content_&_System_Configuration/Settings.js","Yes","POST","/API/HARRY-CLINTON/Settings","application/json body (module-specific fields)","200 success; 400/405 validation; 404 not found; 409 conflict (some modules); 500 server error","Generated from route files only"
"K_Support_Content_&_System_Configuration","/Settings","routes/HARRY_CLINTON/K_Support_Content_&_System_Configuration/Settings.js","Yes","PUT","/API/HARRY-CLINTON/Settings","application/json body (module-specific fields)","200 success; 400/405 validation; 404 not found; 409 conflict (some modules); 500 server error","Generated from route files only"
"K_Support_Content_&_System_Configuration","/Settings","routes/HARRY_CLINTON/K_Support_Content_&_System_Configuration/Settings.js","Yes","DELETE","/API/HARRY-CLINTON/Settings","application/json body (module-specific fields)","200 success; 400/405 validation; 404 not found; 409 conflict (some modules); 500 server error","Generated from route files only"
"K_Support_Content_&_System_Configuration","/Support-Contacts","routes/HARRY_CLINTON/K_Support_Content_&_System_Configuration/Support_Contacts.js","Yes","GET","/API/HARRY-CLINTON/Support-Contacts","path/query params as applicable","200 success; 400/405 validation; 404 not found; 409 conflict (some modules); 500 server error","Generated from route files only"
"K_Support_Content_&_System_Configuration","/Support-Contacts","routes/HARRY_CLINTON/K_Support_Content_&_System_Configuration/Support_Contacts.js","Yes","GET","/API/HARRY-CLINTON/Support-Contacts/:id","path/query params as applicable","200 success; 400/405 validation; 404 not found; 409 conflict (some modules); 500 server error","Generated from route files only"
"K_Support_Content_&_System_Configuration","/Support-Contacts","routes/HARRY_CLINTON/K_Support_Content_&_System_Configuration/Support_Contacts.js","Yes","POST","/API/HARRY-CLINTON/Support-Contacts","application/json body (module-specific fields)","200 success; 400/405 validation; 404 not found; 409 conflict (some modules); 500 server error","Generated from route files only"
"K_Support_Content_&_System_Configuration","/Support-Contacts","routes/HARRY_CLINTON/K_Support_Content_&_System_Configuration/Support_Contacts.js","Yes","PUT","/API/HARRY-CLINTON/Support-Contacts","application/json body (module-specific fields)","200 success; 400/405 validation; 404 not found; 409 conflict (some modules); 500 server error","Generated from route files only"
"K_Support_Content_&_System_Configuration","/Support-Contacts","routes/HARRY_CLINTON/K_Support_Content_&_System_Configuration/Support_Contacts.js","Yes","DELETE","/API/HARRY-CLINTON/Support-Contacts","application/json body (module-specific fields)","200 success; 400/405 validation; 404 not found; 409 conflict (some modules); 500 server error","Generated from route files only"
"L_Ratings_&_Reviews","/Product-Rating-Summary","routes/HARRY_CLINTON/L_Ratings_&_Reviews/Product_Rating_Summary.js","Yes","GET","/API/HARRY-CLINTON/Product-Rating-Summary","path/query params as applicable","200 success; 400/405 validation; 404 not found; 409 conflict (some modules); 500 server error","Generated from route files only"
"L_Ratings_&_Reviews","/Product-Rating-Summary","routes/HARRY_CLINTON/L_Ratings_&_Reviews/Product_Rating_Summary.js","Yes","GET","/API/HARRY-CLINTON/Product-Rating-Summary/:id","path/query params as applicable","200 success; 400/405 validation; 404 not found; 409 conflict (some modules); 500 server error","Generated from route files only"
"L_Ratings_&_Reviews","/Product-Rating-Summary","routes/HARRY_CLINTON/L_Ratings_&_Reviews/Product_Rating_Summary.js","Yes","POST","/API/HARRY-CLINTON/Product-Rating-Summary","application/json body (module-specific fields)","200 success; 400/405 validation; 404 not found; 409 conflict (some modules); 500 server error","Generated from route files only"
"L_Ratings_&_Reviews","/Product-Rating-Summary","routes/HARRY_CLINTON/L_Ratings_&_Reviews/Product_Rating_Summary.js","Yes","PUT","/API/HARRY-CLINTON/Product-Rating-Summary","application/json body (module-specific fields)","200 success; 400/405 validation; 404 not found; 409 conflict (some modules); 500 server error","Generated from route files only"
"L_Ratings_&_Reviews","/Product-Rating-Summary","routes/HARRY_CLINTON/L_Ratings_&_Reviews/Product_Rating_Summary.js","Yes","DELETE","/API/HARRY-CLINTON/Product-Rating-Summary","application/json body (module-specific fields)","200 success; 400/405 validation; 404 not found; 409 conflict (some modules); 500 server error","Generated from route files only"
"L_Ratings_&_Reviews","/Review-Media","routes/HARRY_CLINTON/L_Ratings_&_Reviews/Review_Media.js","Yes","GET","/API/HARRY-CLINTON/Review-Media","path/query params as applicable","200 success; 400/405 validation; 404 not found; 409 conflict (some modules); 500 server error","Generated from route files only"
"L_Ratings_&_Reviews","/Review-Media","routes/HARRY_CLINTON/L_Ratings_&_Reviews/Review_Media.js","Yes","GET","/API/HARRY-CLINTON/Review-Media/:id","path/query params as applicable","200 success; 400/405 validation; 404 not found; 409 conflict (some modules); 500 server error","Generated from route files only"
"L_Ratings_&_Reviews","/Review-Media","routes/HARRY_CLINTON/L_Ratings_&_Reviews/Review_Media.js","Yes","POST","/API/HARRY-CLINTON/Review-Media","application/json body (module-specific fields)","200 success; 400/405 validation; 404 not found; 409 conflict (some modules); 500 server error","Generated from route files only"
"L_Ratings_&_Reviews","/Review-Media","routes/HARRY_CLINTON/L_Ratings_&_Reviews/Review_Media.js","Yes","PUT","/API/HARRY-CLINTON/Review-Media","application/json body (module-specific fields)","200 success; 400/405 validation; 404 not found; 409 conflict (some modules); 500 server error","Generated from route files only"
"L_Ratings_&_Reviews","/Review-Media","routes/HARRY_CLINTON/L_Ratings_&_Reviews/Review_Media.js","Yes","DELETE","/API/HARRY-CLINTON/Review-Media","application/json body (module-specific fields)","200 success; 400/405 validation; 404 not found; 409 conflict (some modules); 500 server error","Generated from route files only"
"L_Ratings_&_Reviews","/Reviews","routes/HARRY_CLINTON/L_Ratings_&_Reviews/Reviews.js","Yes","GET","/API/HARRY-CLINTON/Reviews","path/query params as applicable","200 success; 400/405 validation; 404 not found; 409 conflict (some modules); 500 server error","Generated from route files only"
"L_Ratings_&_Reviews","/Reviews","routes/HARRY_CLINTON/L_Ratings_&_Reviews/Reviews.js","Yes","GET","/API/HARRY-CLINTON/Reviews/:id","path/query params as applicable","200 success; 400/405 validation; 404 not found; 409 conflict (some modules); 500 server error","Generated from route files only"
"L_Ratings_&_Reviews","/Reviews","routes/HARRY_CLINTON/L_Ratings_&_Reviews/Reviews.js","Yes","POST","/API/HARRY-CLINTON/Reviews","application/json body (module-specific fields)","200 success; 400/405 validation; 404 not found; 409 conflict (some modules); 500 server error","Generated from route files only"
"L_Ratings_&_Reviews","/Reviews","routes/HARRY_CLINTON/L_Ratings_&_Reviews/Reviews.js","Yes","PUT","/API/HARRY-CLINTON/Reviews","application/json body (module-specific fields)","200 success; 400/405 validation; 404 not found; 409 conflict (some modules); 500 server error","Generated from route files only"
"L_Ratings_&_Reviews","/Reviews","routes/HARRY_CLINTON/L_Ratings_&_Reviews/Reviews.js","Yes","DELETE","/API/HARRY-CLINTON/Reviews","application/json body (module-specific fields)","200 success; 400/405 validation; 404 not found; 409 conflict (some modules); 500 server error","Generated from route files only"
"L_Ratings_&_Reviews","/Review-Votes","routes/HARRY_CLINTON/L_Ratings_&_Reviews/Review_Votes.js","Yes","GET","/API/HARRY-CLINTON/Review-Votes","path/query params as applicable","200 success; 400/405 validation; 404 not found; 409 conflict (some modules); 500 server error","Generated from route files only"
"L_Ratings_&_Reviews","/Review-Votes","routes/HARRY_CLINTON/L_Ratings_&_Reviews/Review_Votes.js","Yes","GET","/API/HARRY-CLINTON/Review-Votes/:id","path/query params as applicable","200 success; 400/405 validation; 404 not found; 409 conflict (some modules); 500 server error","Generated from route files only"
"L_Ratings_&_Reviews","/Review-Votes","routes/HARRY_CLINTON/L_Ratings_&_Reviews/Review_Votes.js","Yes","POST","/API/HARRY-CLINTON/Review-Votes","application/json body (module-specific fields)","200 success; 400/405 validation; 404 not found; 409 conflict (some modules); 500 server error","Generated from route files only"
"L_Ratings_&_Reviews","/Review-Votes","routes/HARRY_CLINTON/L_Ratings_&_Reviews/Review_Votes.js","Yes","PUT","/API/HARRY-CLINTON/Review-Votes","application/json body (module-specific fields)","200 success; 400/405 validation; 404 not found; 409 conflict (some modules); 500 server error","Generated from route files only"
"L_Ratings_&_Reviews","/Review-Votes","routes/HARRY_CLINTON/L_Ratings_&_Reviews/Review_Votes.js","Yes","DELETE","/API/HARRY-CLINTON/Review-Votes","application/json body (module-specific fields)","200 success; 400/405 validation; 404 not found; 409 conflict (some modules); 500 server error","Generated from route files only"
"L_Ratings_&_Reviews","/Variant-Rating-Summary","routes/HARRY_CLINTON/L_Ratings_&_Reviews/Variant_Rating_Summary.js","Yes","GET","/API/HARRY-CLINTON/Variant-Rating-Summary","path/query params as applicable","200 success; 400/405 validation; 404 not found; 409 conflict (some modules); 500 server error","Generated from route files only"
"L_Ratings_&_Reviews","/Variant-Rating-Summary","routes/HARRY_CLINTON/L_Ratings_&_Reviews/Variant_Rating_Summary.js","Yes","GET","/API/HARRY-CLINTON/Variant-Rating-Summary/:id","path/query params as applicable","200 success; 400/405 validation; 404 not found; 409 conflict (some modules); 500 server error","Generated from route files only"
"L_Ratings_&_Reviews","/Variant-Rating-Summary","routes/HARRY_CLINTON/L_Ratings_&_Reviews/Variant_Rating_Summary.js","Yes","POST","/API/HARRY-CLINTON/Variant-Rating-Summary","application/json body (module-specific fields)","200 success; 400/405 validation; 404 not found; 409 conflict (some modules); 500 server error","Generated from route files only"
"L_Ratings_&_Reviews","/Variant-Rating-Summary","routes/HARRY_CLINTON/L_Ratings_&_Reviews/Variant_Rating_Summary.js","Yes","PUT","/API/HARRY-CLINTON/Variant-Rating-Summary","application/json body (module-specific fields)","200 success; 400/405 validation; 404 not found; 409 conflict (some modules); 500 server error","Generated from route files only"
"L_Ratings_&_Reviews","/Variant-Rating-Summary","routes/HARRY_CLINTON/L_Ratings_&_Reviews/Variant_Rating_Summary.js","Yes","DELETE","/API/HARRY-CLINTON/Variant-Rating-Summary","application/json body (module-specific fields)","200 success; 400/405 validation; 404 not found; 409 conflict (some modules); 500 server error","Generated from route files only"
